LM=47,
1748,568
1514,224
1432,610
1366,414
1152,312
1054,404
1090,502
1338,626
1316,604
1286,582
1232,566
1184,556
1142,546
1098,534
1064,510
1038,474
1024,432
1016,372
1044,330
1074,288
1116,256
1164,246
1210,254
1256,266
1292,264
1338,252
1378,236
1408,222
1454,180
1508,160
1574,180
1634,224
1690,288
1720,334
1742,398
1774,474
1810,542
1784,596
1730,646
1666,628
1600,590
1552,572
1506,606
1468,646
1432,662
1384,670
1356,650
ID=Atokatheridium,
LM=47,
1454,582
1216,374
1214,622
1076,576
908,454
866,568
948,634
1168,696
1118,686
1074,682
1024,682
970,682
920,670
878,646
848,610
840,560
846,510
854,462
878,422
920,412
964,414
996,402
1020,382
1042,362
1070,346
1096,336
1124,324
1154,316
1196,304
1248,304
1294,312
1338,328
1380,360
1414,400
1446,450
1468,490
1502,542
1526,584
1520,626
1496,648
1440,650
1390,652
1344,660
1306,670
1270,680
1242,688
1202,696
ID=Kielantherium,
LM=47,
135,53
70,118
179,125
129,145
91,202
130,246
173,210
189,149
190,163
193,179
195,197
193,213
189,226
181,238
170,247
156,251
144,252
133,257
122,256
112,252
106,243
94,238
82,233
70,223
68,208
70,188
71,170
72,153
57,143
49,129
48,112
53,95
61,82
76,72
88,64
100,56
113,50
126,43
137,38
145,39
152,47
160,56
165,72
173,85
182,97
193,115
196,135
ID=Murtoilestes,
LM=47,
0,0
0,0
0,0
0,0
0,0
0,0
0,0
0,0
0,0
0,0
0,0
0,0
0,0
0,0
0,0
0,0
0,0
0,0
0,0
0,0
0,0
0,0
0,0
0,0
0,0
0,0
0,0
0,0
0,0
0,0
0,0
0,0
0,0
0,0
0,0
0,0
0,0
0,0
0,0
0,0
0,0
0,0
0,0
0,0
0,0
0,0
0,0
ID=Prokennalestes,
LM=47,
913,786
801,601
797,802
618,717
498,597
415,717
485,816
664,842
623,827
587,827
540,845
491,852
438,832
405,791
383,749
370,715
384,679
406,646
423,612
433,570
474,549
513,557
545,574
581,595
624,601
661,597
690,586
715,573
744,555
788,541
829,548
861,572
890,599
903,632
923,667
940,702
953,743
955,773
946,802
920,822
881,825
847,824
816,831
789,842
761,850
729,855
696,851
ID=Slaughteria,
LM=47,
858,381
1052,100
1061,472
1171,343
1354,234
1453,379
1362,470
1147,479
1210,467
1260,471
1323,490
1378,502
1416,469
1457,432
1486,396
1492,356
1472,316
1457,281
1457,218
1443,165
1414,143
1375,145
1336,164
1298,177
1259,185
1213,183
1172,165
1134,136
1120,85
1094,46
1059,29
1021,29
983,52
953,96
934,143
917,196
908,240
893,283
862,328
836,369
836,423
877,450
927,462
965,489
1000,516
1049,535
1108,523
ID=Holoclemensia,
LM=47,
1121,535
1303,300
1387,579
1566,411
1625,325
1789,343
1770,476
1476,643
1531,614
1589,586
1637,557
1692,535
1745,518
1775,504
1796,486
1802,464
1802,407
1820,348
1815,313
1797,292
1756,289
1733,281
1689,245
1650,236
1603,254
1472,366
1412,351
1369,315
1350,264
1308,231
1264,221
1218,237
1197,261
1165,302
1153,347
1151,397
1139,434
1115,482
1094,526
1061,558
1066,580
1108,600
1158,605
1206,619
1297,618
1371,644
1411,651
ID=Kermackia,
LM=47,
423,114
458,41
487,123
499,84
549,51
587,85
561,120
510,132
519,129
529,127
539,126
550,127
563,126
574,121
581,115
588,108
596,99
599,89
596,75
586,64
576,53
568,40
552,34
539,39
526,43
510,42
498,36
486,29
476,22
465,19
452,20
442,25
435,33
429,45
423,57
418,69
414,79
411,94
406,105
406,117
413,128
425,132
441,131
454,129
469,125
483,134
497,135
ID=Oklatheridium,
LM=47,
950,363
883,152
867,413
769,301
642,177
520,292
586,400
798,460
758,451
702,453
652,456
604,442
565,420
541,376
508,342
490,306
501,268
518,243
548,220
570,188
585,156
612,136
645,127
679,128
710,139
738,141
767,133
798,118
827,101
857,101
892,111
920,126
941,145
955,170
964,200
966,233
970,264
980,287
987,316
988,348
992,386
970,411
939,426
911,435
896,462
869,474
831,468
ID=Bobolestes,
LM=47,
1416,528
1310,272
1189,556
1186,417
1022,277
868,416
926,552
1113,630
1057,621
1004,607
957,595
911,587
884,552
864,509
851,462
841,428
846,383
868,361
892,315
912,281
948,249
995,238
1047,239
1082,264
1126,273
1177,272
1224,259
1260,240
1286,220
1317,216
1350,226
1382,251
1399,286
1415,329
1423,373
1431,411
1437,451
1444,493
1452,530
1457,570
1434,599
1399,614
1352,615
1301,610
1246,613
1205,621
1157,629
ID=Kokopellia,
LM=47,
0,0
0,0
0,0
0,0
0,0
0,0
0,0
0,0
0,0
0,0
0,0
0,0
0,0
0,0
0,0
0,0
0,0
0,0
0,0
0,0
0,0
0,0
0,0
0,0
0,0
0,0
0,0
0,0
0,0
0,0
0,0
0,0
0,0
0,0
0,0
0,0
0,0
0,0
0,0
0,0
0,0
0,0
0,0
0,0
0,0
0,0
0,0
ID=Montanalestes,
LM=47,
285,219
420,406
187,363
296,452
334,597
192,662
135,568
106,441
103,470
102,508
100,537
107,575
127,603
142,634
147,661
176,684
217,680
256,665
294,661
328,651
350,628
361,600
363,567
362,536
359,505
367,471
393,453
423,444
455,427
469,392
467,356
452,322
436,295
415,268
389,241
359,219
327,200
297,189
265,189
241,210
221,231
202,255
180,284
165,310
149,339
130,369
114,399
ID=Sasayamamylos,
LM=47,
1604,378
1446,110
1346,400
1282,266
1086,96
934,292
1020,402
1274,466
1212,462
1140,454
1064,444
994,422
950,390
912,356
888,290
908,244
962,226
998,210
1004,166
1022,122
1044,82
1082,64
1126,80
1170,120
1214,142
1268,150
1320,142
1360,112
1392,82
1432,66
1476,72
1510,100
1538,138
1560,172
1590,216
1606,256
1624,294
1638,334
1650,372
1638,412
1602,434
1564,446
1508,446
1462,446
1414,456
1366,464
1318,466
ID=Sinbadelphys,
LM=47,
299,97
328,40
351,96
361,71
398,47
424,75
414,89
368,103
378,104
389,103
396,102
404,101
411,99
419,95
423,90
428,83
431,76
429,70
426,64
421,58
416,51
411,43
402,37
393,37
383,39
371,41
358,41
347,39
341,33
336,29
330,27
322,27
315,31
310,36
306,45
303,54
299,62
295,70
292,80
291,92
293,101
301,106
314,107
323,105
330,106
342,106
356,105
ID=Pariadens,
LM=47,
112,450
250,268
350,488
412,310
569,182
702,325
652,452
445,554
508,550
572,548
628,538
678,514
714,476
728,438
729,397
746,368
750,320
730,265
693,233
657,189
632,153
594,120
557,102
514,109
476,126
430,145
381,158
329,162
286,146
242,140
189,154
152,181
128,216
109,253
92,293
74,336
62,384
64,430
77,465
101,493
137,504
177,510
218,516
257,522
296,532
330,537
382,546
ID=Sheikhdzheilia,
LM=47,
483,142
163,318
543,398
329,446
151,646
291,830
429,810
569,494
565,556
567,622
563,690
545,742
509,794
461,828
407,854
355,864
291,858
239,834
197,802
151,778
113,738
81,688
67,628
69,572
95,514
115,478
133,422
143,360
91,336
71,278
85,222
115,174
153,146
195,132
247,128
293,130
339,132
389,122
443,112
493,102
527,112
555,142
561,194
587,244
609,310
617,386
601,450
ID=Eozhelestes,
LM=47,
267,300
231,260
227,312
192,264
162,244
129,279
145,307
202,321
189,319
175,318
158,319
147,318
137,312
134,300
129,294
123,288
121,277
126,268
133,261
139,251
146,241
153,233
162,228
172,229
182,232
189,237
196,240
206,243
210,237
217,233
227,232
236,232
244,236
250,243
257,249
263,254
267,265
269,276
272,288
276,297
280,308
276,314
266,316
253,320
240,325
226,324
215,322
ID=Arcantiodelphys,
LM=47,
2319,1401
2234,1574
2199,1390
2176,1504
2067,1589
1959,1429
2044,1386
2144,1353
2107,1342
2062,1337
2026,1350
1988,1372
1948,1400
1936,1428
1943,1453
1959,1477
1979,1497
1987,1533
2010,1566
2039,1598
2062,1613
2079,1616
2106,1610
2128,1606
2150,1597
2166,1594
2186,1595
2202,1599
2232,1605
2260,1601
2286,1585
2306,1568
2318,1541
2335,1512
2343,1481
2351,1452
2356,1428
2359,1410
2363,1392
2360,1369
2343,1365
2295,1360
2254,1352
2227,1354
2207,1346
2184,1345
2166,1350
ID=Dakotadens,
LM=47,
775,1064
599,1121
799,1166
648,1203
575,1342
728,1430
798,1370
821,1222
815,1249
814,1277
814,1311
822,1347
823,1381
809,1408
788,1423
763,1438
737,1455
710,1449
682,1436
641,1431
605,1420
578,1403
556,1373
547,1339
554,1309
566,1280
572,1239
569,1203
566,1175
564,1147
565,1118
575,1094
589,1074
607,1055
631,1048
656,1046
680,1044
703,1046
727,1047
749,1044
774,1045
791,1060
805,1082
815,1105
826,1127
832,1157
825,1188
ID=Sorlestes,
LM=47,
233,262
302,297
219,307
281,329
314,376
260,404
230,391
223,330
223,342
223,352
223,365
221,377
220,389
226,398
233,404
245,407
257,411
270,411
280,408
291,405
302,404
312,397
321,391
327,381
328,367
323,355
322,341
320,325
324,316
327,306
326,294
320,286
312,278
302,273
291,268
279,265
267,264
256,261
244,254
232,254
225,264
228,276
226,287
219,293
214,302
214,314
221,321
ID=Borisodon,
LM=47,
322,82
96,170
336,214
172,274
80,412
252,504
374,424
436,316
428,350
430,396
424,456
406,488
384,514
358,536
322,548
280,558
240,556
200,540
160,536
118,524
78,510
52,478
42,450
38,412
52,378
72,352
88,320
90,282
74,254
50,230
40,194
52,154
84,134
116,120
158,106
196,96
234,94
270,80
308,62
348,64
372,88
402,104
416,126
432,158
440,194
444,234
444,274
ID=Kulbeckia,
LM=47,
1263,99
1126,200
1356,228
1240,300
1144,436
1256,495
1330,441
1335,285
1315,311
1313,336
1327,371
1334,407
1351,442
1339,464
1306,485
1272,512
1243,517
1212,504
1182,501
1148,507
1115,513
1092,498
1078,474
1075,444
1080,408
1091,377
1091,340
1062,316
1039,287
1028,257
1026,223
1036,182
1051,151
1069,126
1102,103
1140,97
1183,98
1219,91
1242,69
1272,76
1290,99
1287,129
1300,160
1342,171
1376,196
1385,233
1362,259
ID=Bulaklestes,
LM=47,
732,235
555,353
785,379
725,483
592,575
728,675
804,603
840,449
840,487
840,524
844,563
845,597
836,629
811,651
784,669
759,684
732,697
703,696
679,675
645,657
612,644
589,635
564,623
549,601
544,572
544,540
549,504
540,472
527,437
509,411
493,388
484,356
492,323
516,300
548,281
579,261
611,247
652,228
684,216
716,209
749,207
773,228
784,264
801,301
824,328
837,364
841,407
ID=Daulestes,
LM=47,
156,679
284,761
125,781
165,836
248,932
167,1002
99,959
66,831
63,865
65,891
66,921
72,952
81,975
99,989
118,997
136,1009
159,1020
182,1020
203,1014
222,993
250,975
268,955
271,928
262,903
253,875
253,853
262,828
273,811
302,802
330,789
338,769
334,748
317,734
299,715
279,696
259,682
237,672
208,667
182,662
156,660
136,666
116,679
112,704
97,727
84,750
78,775
72,800
ID=Uchkudukodon,
LM=47,
122,187
430,430
138,496
290,616
337,734
216,854
132,744
89,536
97,594
116,636
98,684
101,734
120,786
146,824
169,856
196,880
228,886
252,866
276,831
309,803
340,776
361,750
369,719
362,683
358,652
362,610
378,568
393,528
424,499
476,490
512,443
512,382
488,334
434,284
394,231
346,202
286,180
221,155
174,118
145,71
116,72
93,103
69,190
72,275
89,336
105,387
84,468
ID=Sulestes,
LM=47,
730,40
662,88
749,73
701,112
668,172
744,193
778,164
777,97
779,108
780,122
781,138
782,150
788,161
787,172
783,182
772,189
759,196
746,201
733,205
717,201
698,194
680,194
662,191
653,179
649,164
653,149
657,132
650,117
643,106
639,94
639,80
643,68
653,60
664,54
675,51
687,48
700,44
713,41
720,34
728,29
740,29
750,37
759,44
765,52
771,61
775,70
777,82
ID=Eoungulatum,
LM=47,
283,42
332,62
278,78
323,89
362,136
310,165
277,148
266,101
267,112
267,125
266,137
266,149
271,159
280,165
290,170
298,168
311,171
319,167
328,165
341,163
353,156
364,147
368,136
367,124
361,114
355,105
353,93
356,82
361,71
362,63
359,55
354,48
347,43
337,40
327,38
316,37
307,37
299,37
293,34
284,33
276,37
271,43
267,51
263,58
262,68
262,79
264,90
ID=Parazhelestes,
LM=47,
95,56
193,128
70,121
139,163
184,242
106,291
55,251
40,141
39,156
38,185
35,212
32,234
28,257
42,277
62,291
83,300
101,312
118,312
134,299
150,286
172,276
195,271
210,262
216,249
216,229
209,207
200,182
206,156
219,146
225,134
222,122
216,109
204,96
190,84
174,74
156,64
136,56
114,48
100,40
88,39
78,48
69,57
60,68
53,84
47,99
45,112
42,126
ID=Aspanlestes,
LM=47,
540,26
642,84
533,102
597,149
653,216
560,252
516,215
502,133
500,156
499,179
497,202
505,227
518,243
533,257
554,266
574,268
594,264
612,267
630,263
647,247
661,232
666,215
662,198
651,185
652,172
654,161
650,149
656,134
666,117
670,101
670,83
662,68
651,59
641,47
629,38
614,30
600,25
586,21
571,20
558,15
543,14
530,19
518,28
512,47
509,66
502,83
501,107
ID=Paranyctoides(Asia),
LM=47,
362,36
424,68
365,78
405,89
434,128
393,166
367,148
342,95
342,108
343,124
348,138
352,152
360,162
370,169
381,174
392,176
402,174
407,169
418,163
430,156
440,148
445,139
445,127
441,117
437,110
431,100
428,90
433,82
441,74
443,65
441,56
433,48
425,42
415,38
407,34
395,31
386,31
379,33
371,32
362,30
355,34
352,40
347,47
344,58
340,67
340,77
341,84
ID=Zhelestes,
LM=47,
2234,1432
2184,1331
2150,1445
2127,1382
2044,1322
1989,1400
2029,1440
2112,1453
2094,1448
2080,1446
2064,1452
2043,1458
2027,1459
2014,1454
2000,1444
1988,1432
1980,1421
1972,1407
1971,1392
1985,1378
1996,1358
2006,1336
2018,1316
2034,1307
2057,1309
2082,1316
2105,1318
2137,1309
2164,1304
2185,1306
2201,1314
2214,1326
2219,1341
2227,1360
2233,1375
2238,1388
2240,1401
2249,1418
2252,1433
2250,1444
2235,1450
2214,1454
2195,1454
2176,1455
2162,1459
2148,1459
2132,1459
ID=Eoalphadon,
LM=47,
2015,1370
2052,1490
2118,1368
2144,1446
2195,1521
2286,1446
2264,1405
2177,1374
2200,1384
2230,1391
2267,1396
2282,1406
2290,1427
2302,1446
2300,1465
2284,1476
2266,1494
2241,1521
2222,1539
2201,1540
2185,1535
2175,1524
2157,1516
2141,1514
2128,1512
2120,1513
2112,1515
2104,1517
2086,1522
2064,1523
2044,1516
2030,1505
2019,1482
2013,1449
2010,1427
2003,1405
2002,1387
2002,1368
2007,1358
2021,1353
2046,1357
2071,1361
2092,1354
2112,1348
2133,1350
2150,1360
2165,1369
ID=Anchistodelphys,
LM=47,
1199,741
1129,609
1094,755
1069,681
972,602
905,697
951,742
1063,765
1026,755
999,748
975,755
955,761
929,749
908,735
890,720
885,699
887,684
904,671
922,659
932,643
936,599
952,585
977,582
997,592
1013,601
1048,609
1077,610
1096,605
1110,585
1124,579
1141,583
1157,595
1173,621
1186,643
1199,668
1207,692
1206,711
1209,732
1217,745
1212,755
1195,763
1171,762
1147,761
1133,761
1121,770
1107,775
1085,775
ID=Alphadon,
LM=47,
0,0
0,0
0,0
0,0
0,0
0,0
0,0
0,0
0,0
0,0
0,0
0,0
0,0
0,0
0,0
0,0
0,0
0,0
0,0
0,0
0,0
0,0
0,0
0,0
0,0
0,0
0,0
0,0
0,0
0,0
0,0
0,0
0,0
0,0
0,0
0,0
0,0
0,0
0,0
0,0
0,0
0,0
0,0
0,0
0,0
0,0
0,0
ID=Protalphadon,
LM=47,
117,1125
295,959
346,1177
370,1033
535,910
651,1093
561,1186
408,1199
445,1191
474,1192
512,1205
546,1215
578,1215
607,1199
630,1166
652,1143
675,1131
694,1106
690,1067
656,1034
629,982
619,923
599,867
551,839
501,845
444,866
380,870
323,862
280,851
236,853
202,867
173,884
148,909
121,946
108,983
98,1012
87,1046
86,1074
78,1099
66,1126
75,1149
101,1160
152,1168
201,1163
237,1181
291,1209
355,1213
ID=Varalphadon,
LM=47,
49,256
110,168
28,138
82,134
115,68
62,29
40,54
12,129
13,110
17,88
20,71
24,51
32,38
40,27
49,18
59,17
73,17
82,22
89,28
96,36
110,44
119,48
128,58
132,70
132,84
128,98
122,112
121,143
131,153
137,165
138,179
136,195
131,212
118,228
108,242
94,256
82,262
70,262
55,270
44,270
36,258
33,247
31,213
28,194
20,165
13,158
12,143
ID=Picopsis,
LM=47,
0,0
0,0
0,0
0,0
0,0
0,0
0,0
0,0
0,0
0,0
0,0
0,0
0,0
0,0
0,0
0,0
0,0
0,0
0,0
0,0
0,0
0,0
0,0
0,0
0,0
0,0
0,0
0,0
0,0
0,0
0,0
0,0
0,0
0,0
0,0
0,0
0,0
0,0
0,0
0,0
0,0
0,0
0,0
0,0
0,0
0,0
0,0
ID=Kennalestes,
LM=47,
399,82
318,149
430,154
362,185
318,256
398,306
453,262
457,182
461,205
466,231
471,255
466,277
444,291
426,306
416,316
397,323
376,321
353,312
327,306
309,300
295,292
285,280
278,266
278,250
282,233
285,221
288,207
286,189
280,176
273,161
272,142
276,128
282,112
295,100
308,89
324,84
342,82
359,79
375,75
388,70
408,66
422,72
430,83
441,98
452,113
459,134
459,161
ID=Zhalmouzia,
LM=47,
264,325
194,340
144,288
116,328
71,352
40,306
75,275
108,264
93,265
83,261
71,262
61,265
51,273
42,284
34,296
32,307
35,317
37,331
38,347
44,359
51,367
58,371
68,373
84,372
96,371
111,373
124,373
135,374
146,375
155,376
167,376
180,376
193,374
210,369
226,363
243,361
254,355
267,345
270,332
272,320
263,307
253,302
235,289
222,285
188,281
156,268
133,263
ID=Tirotherium,
LM=47,
1855,1394
1965,1535
1987,1354
2038,1451
2152,1512
2229,1416
2185,1337
2026,1325
2054,1321
2094,1322
2132,1318
2171,1315
2196,1318
2218,1331
2231,1352
2242,1380
2255,1409
2255,1430
2243,1449
2216,1479
2193,1522
2173,1547
2144,1554
2113,1543
2081,1530
2060,1530
2035,1530
2009,1539
1986,1556
1964,1562
1944,1552
1919,1533
1879,1478
1848,1434
1833,1407
1836,1387
1845,1372
1864,1366
1887,1363
1913,1362
1932,1349
1950,1340
1967,1334
1984,1330
1995,1329
2005,1329
2016,1326
ID=Iugomortiferum,
LM=47,
994,1046
853,1247
730,1009
686,1105
488,1249
343,1113
464,979
694,988
629,984
590,977
553,979
505,974
474,964
434,970
406,984
379,1012
353,1047
328,1070
315,1122
327,1162
357,1195
378,1257
420,1296
478,1295
522,1276
589,1278
653,1276
720,1284
760,1311
804,1306
837,1291
875,1282
921,1264
946,1230
970,1196
987,1163
1004,1126
1017,1088
1029,1057
1025,1028
1001,1008
963,1001
913,991
867,980
825,972
785,972
745,972
ID=Potamotelses,
LM=47,
960,540
1156,285
1178,601
1217,406
1396,292
1505,484
1422,562
1218,561
1258,553
1312,566
1362,576
1421,586
1449,572
1465,536
1513,525
1541,497
1545,460
1522,405
1505,354
1490,309
1456,257
1416,216
1384,190
1342,173
1298,194
1258,209
1213,221
1161,213
1125,185
1078,172
1037,178
1005,196
985,222
965,246
949,278
934,318
929,370
925,422
918,484
902,517
926,558
978,570
1025,558
1072,582
1112,616
1165,632
1213,616
ID=Iqualadelphis,
LM=47,
454,344
503,371
452,381
494,402
513,433
475,459
453,445
440,403
440,412
440,422
440,434
441,444
445,451
451,457
457,462
464,465
474,465
482,461
489,456
498,454
506,452
514,447
517,441
517,430
515,419
514,409
511,400
509,391
510,381
512,373
509,364
503,358
498,353
492,349
486,346
478,342
470,341
460,340
454,337
451,336
447,339
445,345
443,352
443,360
442,368
439,378
439,390
ID=Aquiladelphis,
LM=47,
794,141
739,181
814,186
778,205
742,258
793,285
827,255
826,202
828,215
832,227
835,238
836,250
834,262
826,270
820,276
812,284
801,291
790,292
782,287
775,278
763,274
750,272
741,266
736,259
735,249
736,233
736,218
733,204
730,193
726,184
726,171
732,159
740,152
748,147
757,142
767,137
776,136
786,134
792,130
799,133
805,141
809,149
813,157
817,162
820,169
823,176
825,189
ID=Paranyctoides(NA),
LM=47,
87,237
226,69
242,285
281,152
412,77
486,230
414,278
282,276
317,272
330,274
368,289
402,295
429,293
447,272
464,264
492,249
504,232
500,212
483,196
468,169
456,138
453,99
444,66
414,39
385,34
345,44
298,51
265,39
239,25
215,18
192,22
172,34
144,59
120,82
100,108
90,136
81,164
72,193
54,218
50,239
90,261
124,253
153,248
177,263
198,292
230,309
264,300
ID=Albertatherium,
LM=47,
2163,1269
2098,1385
2071,1249
2042,1320
1994,1382
1931,1292
1967,1258
2043,1239
2022,1244
2002,1245
1984,1242
1966,1240
1951,1245
1942,1257
1932,1265
1919,1271
1912,1284
1912,1298
1921,1310
1939,1332
1951,1346
1963,1359
1976,1374
1984,1391
1996,1398
2010,1393
2052,1374
2066,1376
2071,1391
2083,1405
2098,1406
2115,1406
2128,1402
2139,1388
2154,1370
2168,1344
2180,1324
2191,1303
2197,1283
2194,1266
2180,1248
2160,1242
2139,1247
2120,1249
2100,1241
2084,1232
2064,1232
ID=Aenigmadelphys,
LM=47,
20610,13165
21200,14135
21665,13315
21830,13625
22430,14020
22770,13810
22470,13465
21930,13315
22080,13420
22185,13460
22330,13440
22425,13375
22505,13370
22610,13455
22750,13590
22825,13725
22845,13830
22815,13895
22720,13920
22610,13965
22545,14085
22475,14160
22365,14190
22200,14115
22085,14045
21935,14035
21785,14090
21635,14250
21480,14440
21315,14520
21125,14530
20940,14440
20770,14185
20640,13915
20485,13610
20435,13360
20430,13155
20515,13025
20675,12960
20830,13000
20960,13055
21135,13195
21215,13260
21320,13270
21435,13195
21620,13155
21800,13215
ID=Deltatheridium,
LM=47,
1912,1442
1989,1582
2017,1439
2045,1519
2134,1552
2198,1460
2154,1424
2038,1391
2067,1392
2099,1392
2132,1393
2162,1393
2186,1403
2212,1430
2218,1455
2213,1474
2198,1494
2185,1512
2170,1534
2161,1550
2149,1568
2129,1572
2110,1569
2082,1569
2068,1568
2053,1572
2040,1578
2024,1589
2007,1601
1990,1608
1972,1602
1960,1586
1945,1566
1930,1546
1918,1524
1907,1504
1899,1484
1892,1461
1884,1443
1878,1428
1880,1415
1898,1406
1922,1396
1941,1392
1963,1393
1987,1395
2005,1395
ID=Eodelphis,
LM=47,
412,458
364,397
378,466
328,396
283,384
273,454
296,469
356,479
340,480
326,480
310,479
295,480
285,478
276,469
266,462
265,450
269,442
273,433
275,420
273,409
271,398
271,386
277,378
288,376
301,379
315,385
330,387
344,382
352,378
361,379
370,381
376,386
382,393
387,400
392,407
397,414
401,419
407,428
413,438
418,449
421,460
420,468
414,473
404,475
391,474
382,475
371,479
ID=Pediomys,
LM=47,
1918,1468
2031,1608
2032,1439
2094,1526
2218,1588
2288,1446
2230,1408
2060,1414
2098,1414
2134,1408
2176,1395
2212,1386
2243,1384
2264,1394
2290,1414
2310,1436
2311,1459
2302,1472
2288,1496
2283,1523
2286,1571
2282,1598
2266,1608
2240,1620
2208,1620
2178,1615
2140,1618
2106,1634
2086,1656
2060,1664
2030,1662
2007,1636
1980,1606
1958,1579
1934,1544
1912,1511
1899,1486
1892,1467
1903,1451
1923,1442
1958,1435
1978,1432
1999,1431
2012,1422
2027,1416
2039,1412
2048,1410
ID=Turgidodon,
LM=47,
427,146
347,82
301,166
292,154
190,91
176,123
190,142
301,179
271,176
250,176
213,165
200,159
178,142
166,126
166,111
170,92
177,78
185,69
199,62
216,56
230,52
244,50
262,46
277,42
288,36
294,32
301,28
311,24
324,21
344,19
356,22
370,29
384,40
396,48
406,56
416,68
427,80
437,96
451,124
459,142
459,157
450,167
420,175
396,172
375,170
353,173
332,175
ID=Tsagandelta,
LM=47,
341,130
304,236
282,142
265,194
202,221
185,189
212,166
262,149
248,154
234,150
219,152
207,154
196,161
181,171
176,187
176,199
179,213
187,224
198,232
209,232
221,234
234,235
246,237
259,239
267,239
273,241
278,243
285,246
294,250
305,251
319,245
337,231
346,216
354,198
359,180
367,156
370,141
362,126
353,117
338,116
323,121
313,135
305,141
297,135
285,132
275,136
268,142
ID=Lotheridium,
LM=47,
283,103
322,131
273,137
317,165
327,184
295,207
276,191
280,164
281,171
279,176
272,183
271,191
275,197
283,203
288,209
294,213
303,208
311,205
320,206
329,207
337,206
343,201
348,196
351,188
350,178
348,171
346,163
345,154
347,146
349,139
349,132
346,125
339,119
331,114
323,110
316,107
308,103
299,101
292,98
283,96
275,100
275,109
276,119
270,125
266,136
269,147
275,155
ID=Asiatherium,
LM=47,
0,0
0,0
0,0
0,0
0,0
0,0
0,0
0,0
0,0
0,0
0,0
0,0
0,0
0,0
0,0
0,0
0,0
0,0
0,0
0,0
0,0
0,0
0,0
0,0
0,0
0,0
0,0
0,0
0,0
0,0
0,0
0,0
0,0
0,0
0,0
0,0
0,0
0,0
0,0
0,0
0,0
0,0
0,0
0,0
0,0
0,0
0,0
ID=Asioryctes,
LM=47,
167,920
243,661
345,900
390,768
557,644
647,819
631,908
495,984
543,979
583,973
622,969
658,943
679,908
687,864
690,819
685,776
677,733
667,689
642,656
614,625
583,603
557,587
527,595
499,629
465,661
433,692
395,715
357,701
333,680
307,656
285,633
265,612
242,608
218,623
195,660
171,704
153,745
138,789
131,829
138,869
135,919
155,956
210,985
273,991
339,996
394,1003
447,995
ID=Avitotherium,
LM=47,
1756,1152
1906,902
1862,1200
2004,960
2142,894
2186,1064
2134,1156
1940,1196
1974,1204
2004,1214
2038,1226
2078,1226
2118,1212
2154,1176
2178,1144
2204,1102
2210,1072
2210,1038
2194,1014
2188,970
2188,926
2176,892
2146,874
2106,876
2074,902
2044,930
2008,924
1988,902
1978,870
1948,852
1916,852
1882,872
1856,898
1830,930
1810,958
1786,1000
1768,1040
1750,1080
1732,1118
1714,1160
1736,1192
1770,1216
1800,1232
1826,1246
1856,1248
1882,1236
1902,1210
ID=Barunlestes,
LM=47,
1728,1528
1554,1415
1742,1403
1577,1339
1568,1219
1645,1126
1718,1179
1727,1336
1712,1303
1707,1275
1713,1247
1731,1220
1746,1192
1744,1169
1723,1145
1689,1125
1672,1102
1652,1089
1621,1089
1586,1096
1547,1113
1522,1149
1493,1175
1476,1211
1481,1252
1496,1300
1494,1339
1484,1372
1474,1413
1476,1453
1493,1482
1512,1498
1529,1512
1556,1522
1592,1529
1623,1536
1656,1541
1685,1549
1717,1553
1744,1542
1758,1518
1760,1490
1756,1458
1776,1436
1786,1411
1781,1378
1759,1357
ID=Gallolestes,
LM=47,
730,64
767,141
767,37
807,92
871,129
894,84
872,38
792,28
809,35
824,40
838,36
853,28
867,25
883,28
893,42
893,58
896,72
902,86
899,103
902,117
900,131
889,145
874,151
855,147
837,132
822,133
808,143
792,151
781,159
768,165
754,159
745,150
734,139
726,128
720,116
716,103
717,86
718,71
719,60
723,51
729,42
733,30
739,23
747,19
757,18
767,19
780,22
ID=Maelestes,
LM=47,
12167,9358
10950,6308
10867,9500
9967,7117
7667,5800
6783,7500
7300,9583
9667,10183
9000,10133
8433,10200
7867,10283
7267,10133
6800,9883
6533,9567
6367,8917
6283,8233
6217,7800
6283,7400
6500,7117
6783,6650
6983,6017
7167,5517
7583,5300
8317,5300
8933,5333
9500,5450
9950,5383
10250,5250
10700,5183
11183,5250
11700,5533
12017,6000
12217,6617
12333,7133
12450,8000
12533,8533
12583,9133
12583,9500
12417,9850
12150,10083
11850,10083
11617,10117
11350,10233
10950,10283
10600,10283
10383,10217
10067,10183
ID=Zalambdalestes,
LM=47,
1679,657
1499,900
1342,578
1322,753
1094,910
929,764
991,622
1303,512
1237,530
1170,544
1111,554
1031,568
975,589
935,625
901,678
886,741
898,798
929,849
971,900
1001,933
1037,952
1083,960
1135,949
1165,920
1207,898
1247,893
1298,898
1359,918
1394,949
1433,977
1482,990
1535,990
1571,968
1597,928
1617,882
1634,824
1663,774
1694,734
1717,696
1721,652
1701,616
1670,592
1623,576
1562,569
1497,558
1434,534
1375,521
ID=Palaeomolops,
LM=47,
500,25
572,77
489,87
558,117
587,173
524,216
497,199
479,131
475,147
474,169
478,187
487,202
498,212
510,218
524,227
535,221
546,218
554,211
567,207
582,203
596,201
606,193
609,179
609,166
605,151
599,136
593,122
593,108
600,94
602,82
600,72
591,61
578,49
565,41
553,34
537,24
520,19
504,13
493,7
488,10
484,22
479,38
478,56
472,70
468,86
473,100
479,116
ID=Protolambda,
LM=47,
2492,1367
2075,910
2268,1540
1988,1113
1605,1133
1522,1593
1675,1733
2242,1730
2125,1753
2048,1810
1958,1850
1858,1880
1778,1853
1592,1837
1482,1727
1442,1627
1448,1560
1485,1493
1495,1353
1525,1260
1518,1140
1535,1050
1595,993
1668,947
1742,937
1818,920
1878,920
1928,907
1985,837
2065,797
2145,787
2242,810
2318,873
2405,960
2465,1027
2515,1093
2575,1190
2625,1280
2645,1333
2668,1397
2688,1440
2672,1513
2635,1563
2558,1650
2468,1707
2405,1730
2332,1737
ID=Didelphodon,
LM=47,
182,172
440,365
176,366
370,448
449,633
241,761
178,658
101,497
97,548
96,609
105,658
125,700
148,733
177,766
210,780
237,790
260,780
262,761
282,741
301,720
366,698
442,678
482,656
490,630
469,585
421,520
422,481
425,446
444,424
478,401
497,377
497,353
472,328
366,233
326,204
294,189
249,176
208,158
177,142
149,145
126,173
108,220
116,272
110,314
100,362
97,408
100,458
ID=Leptalestes,
LM=47,
10342,7450
9133,6192
9175,7683
8633,6883
7492,6183
7000,7000
7317,7642
8725,8050
8275,8042
8017,8033
7633,7967
7217,7875
7117,7783
6892,7433
6733,7167
6717,7025
6758,6833
6925,6567
6950,6333
7100,6058
7233,5933
7467,5875
7683,5900
7892,6017
8058,6117
8250,6150
8408,6108
8558,5967
8842,5858
9108,5783
9375,5833
9608,5950
9808,6042
9967,6217
10092,6400
10242,6583
10333,6725
10367,6900
10483,7083
10608,7233
10667,7483
10575,7675
10333,7758
9817,7825
9567,7942
9333,8058
9058,8125
ID=Batodon,
LM=47,
0,0
0,0
0,0
0,0
0,0
0,0
0,0
0,0
0,0
0,0
0,0
0,0
0,0
0,0
0,0
0,0
0,0
0,0
0,0
0,0
0,0
0,0
0,0
0,0
0,0
0,0
0,0
0,0
0,0
0,0
0,0
0,0
0,0
0,0
0,0
0,0
0,0
0,0
0,0
0,0
0,0
0,0
0,0
0,0
0,0
0,0
0,0
ID=Gypsonictops,
LM=47,
2095,1093
1970,1492
1838,1083
1767,1253
1590,1460
1442,1330
1470,1125
1750,1020
1697,1038
1652,1050
1595,1047
1535,1050
1482,1072
1432,1102
1420,1162
1405,1225
1388,1297
1400,1353
1445,1398
1497,1480
1565,1525
1622,1535
1672,1520
1710,1485
1753,1458
1785,1452
1815,1450
1855,1482
1900,1550
1953,1588
1992,1597
2038,1585
2078,1550
2127,1463
2140,1385
2142,1290
2145,1185
2158,1132
2158,1085
2135,1047
2102,1023
2055,1010
1962,1003
1880,1000
1837,1000
1807,998
1780,1005
ID=Cimolestes,
LM=47,
15,87
60,37
79,100
97,52
145,21
183,58
162,98
93,111
108,111
127,110
145,110
161,110
178,106
190,97
196,85
200,72
201,61
196,51
185,37
179,26
171,13
158,5
141,4
125,7
113,10
98,12
87,11
72,9
56,7
45,9
35,15
29,24
24,36
21,48
16,60
15,70
12,78
9,84
8,92
14,97
24,102
36,106
46,110
57,114
67,116
74,116
81,114
ID=Labes,
LM=47,
2444,1298
2250,1626
2222,1184
2058,1306
1872,1446
1752,1334
1838,1176
2062,1158
2016,1132
1960,1112
1902,1102
1862,1114
1824,1140
1788,1176
1762,1214
1744,1252
1728,1286
1712,1330
1714,1378
1750,1412
1772,1430
1786,1482
1818,1524
1868,1548
1902,1552
1942,1548
2024,1564
2088,1602
2116,1662
2168,1710
2222,1726
2276,1716
2314,1678
2352,1600
2394,1490
2440,1394
2478,1308
2476,1288
2454,1268
2354,1208
2320,1170
2276,1138
2236,1124
2184,1116
2150,1120
2118,1132
2094,1144
ID=Altacreodus,
LM=47,
568,143
316,355
645,315
484,492
440,668
585,739
744,643
725,424
739,461
756,505
777,555
792,601
797,636
797,668
780,692
740,719
709,731
677,744
633,764
592,771
544,761
475,751
419,739
391,719
377,684
379,636
376,567
332,473
289,455
241,440
207,415
189,389
179,347
187,320
216,295
255,271
327,224
389,185
475,140
533,101
561,88
592,99
631,145
671,199
704,239
727,304
732,373
ID=Ambilestes,
LM=47,
2395,1251
2324,1332
2314,1222
2270,1256
2205,1279
2166,1244
2200,1206
2277,1186
2257,1187
2229,1182
2207,1182
2192,1187
2178,1206
2164,1223
2156,1239
2158,1256
2171,1267
2176,1284
2184,1297
2195,1306
2214,1305
2228,1298
2242,1296
2255,1296
2264,1299
2271,1302
2277,1306
2283,1329
2291,1357
2302,1374
2324,1382
2343,1380
2358,1370
2370,1349
2378,1326
2393,1298
2406,1282
2415,1272
2415,1252
2406,1232
2390,1216
2373,1209
2346,1196
2328,1187
2316,1184
2304,1182
2290,1182
ID=Scollardius,
LM=47,
444,249
483,277
441,281
486,298
504,330
466,351
445,334
435,311
435,320
437,329
441,340
447,346
454,352
460,356
466,357
472,356
476,353
484,351
494,349
504,346
511,342
515,336
515,329
513,321
509,313
507,308
505,303
503,297
504,288
504,282
500,273
495,267
487,261
480,256
473,252
466,249
460,247
454,245
448,243
443,242
440,247
438,253
438,266
438,272
434,277
431,284
432,296
ID=Glasbius,
LM=47,
391,95
445,144
400,151
424,198
435,229
417,247
392,231
381,156
377,167
375,182
374,200
379,219
381,232
389,240
397,244
405,250
413,254
423,253
432,250
438,243
442,234
441,223
441,213
441,202
442,192
444,183
446,173
449,163
454,154
455,146
454,135
450,124
448,114
448,103
449,87
443,76
435,69
419,66
408,62
393,57
386,58
377,66
373,85
374,99
376,114
381,129
382,143
ID=Nanocuris,
LM=47,
103,27
155,121
183,30
210,85
267,146
346,65
289,36
222,19
240,24
257,27
271,25
293,25
314,29
321,35
333,38
346,48
356,61
351,73
337,80
328,92
316,114
305,136
288,162
268,173
251,168
237,156
206,147
179,146
165,155
147,159
131,153
120,140
111,116
103,96
98,76
91,54
87,39
83,29
83,14
90,10
103,6
118,7
135,12
152,17
169,11
186,9
203,12
ID=Nortedelphys,
LM=47,
303,220
233,137
218,222
197,186
128,138
100,207
122,251
201,272
174,272
146,274
121,274
104,266
98,254
94,237
88,223
81,203
88,174
87,152
92,130
100,110
110,99
127,96
150,100
166,104
181,106
196,100
206,96
219,86
242,80
263,81
281,89
294,101
304,114
310,130
316,154
320,176
322,191
322,210
327,224
326,240
318,254
306,264
294,272
274,277
254,277
240,277
224,274
ID=Protungulatum,
LM=47,
1555,165
1445,458
1322,142
1275,300
1099,468
962,309
1017,156
1227,80
1171,82
1090,90
1014,113
981,136
970,165
966,197
935,262
919,326
925,350
943,358
966,366
993,394
1022,468
1042,494
1077,506
1123,504
1201,472
1243,449
1287,441
1338,454
1377,493
1423,513
1469,508
1523,480
1561,422
1583,354
1590,290
1594,244
1594,206
1610,162
1598,117
1569,100
1539,93
1499,93
1458,92
1417,88
1367,81
1323,78
1277,78
ID=Deccanolestes,
LM=47,
1884,1513
2002,1414
1992,1570
2055,1453
2200,1405
2220,1528
2150,1596
2039,1593
2062,1580
2087,1578
2110,1597
2122,1617
2142,1625
2163,1621
2187,1601
2216,1570
2240,1549
2251,1520
2248,1480
2251,1437
2251,1393
2235,1364
2208,1352
2166,1346
2138,1344
2118,1338
2108,1332
2096,1326
2075,1316
2054,1314
2026,1314
2000,1328
1964,1360
1931,1398
1900,1432
1870,1462
1844,1488
1844,1512
1862,1530
1886,1550
1922,1554
1930,1576
1956,1600
1988,1612
2004,1609
2016,1606
2023,1596
ID=Leptacodon,
LM=47,
65,41
121,90
55,102
86,132
118,170
75,193
50,172
33,129
34,145
34,158
33,172
36,183
43,190
52,196
62,203
71,208
84,209
94,208
107,204
120,199
132,192
141,187
148,181
152,173
153,165
156,154
159,136
161,121
167,112
170,101
170,90
168,75
163,64
157,55
146,43
133,37
118,37
106,35
91,29
75,26
62,27
51,33
46,44
43,67
38,78
32,93
31,111
ID=Kharmerungulatum,
LM=47,
98,133
136,198
157,118
202,201
261,205
314,152
281,117
182,89
201,90
223,89
246,85
267,85
289,90
306,99
319,112
328,129
330,150
326,168
327,197
326,224
317,245
301,264
278,272
252,275
236,271
217,262
204,266
184,278
162,283
140,278
125,266
110,253
100,241
89,225
84,206
82,186
81,167
78,150
75,133
74,117
84,104
96,96
109,91
119,92
130,86
146,82
161,83
ID=Roberthoffstetteria,
LM=47,
128,40
65,77
134,92
85,125
57,161
97,185
131,164
144,120
146,133
144,144
140,155
138,165
132,173
122,175
115,180
107,186
100,193
90,194
84,189
74,185
63,181
56,174
50,165
53,157
58,150
61,144
61,124
52,116
47,108
43,99
41,91
44,79
49,73
56,67
63,63
73,58
83,56
93,50
105,44
117,38
131,31
140,34
146,45
151,60
150,79
154,96
150,108
ID=Szalinia,
LM=47,
75,826
235,1013
230,780
352,960
464,1011
562,894
504,801
299,774
339,787
380,795
419,797
449,796
486,783
525,789
554,811
568,845
580,881
581,907
564,923
548,956
538,995
532,1028
523,1064
501,1082
466,1087
416,1084
360,1083
302,1081
262,1090
220,1086
192,1074
173,1043
154,1012
128,970
108,935
91,900
73,867
56,840
50,817
62,805
84,798
116,793
148,785
179,779
198,760
225,751
259,759
ID=Pucadelphys,
LM=47,
81,131
138,219
153,104
197,144
244,179
286,118
267,86
165,67
181,65
200,65
221,67
242,67
263,68
279,76
289,91
299,106
303,124
302,145
293,160
288,178
286,199
281,218
275,233
260,239
243,235
229,226
209,222
190,225
175,240
160,255
143,264
128,261
113,251
104,234
96,218
90,204
83,187
76,168
75,152
73,126
68,109
67,97
69,83
82,79
99,74
118,70
141,66
ID=Alcidedorbignya,
LM=47,
307,320
390,237
396,364
460,280
544,230
578,300
545,366
436,351
454,346
470,359
490,371
510,371
522,383
549,383
572,364
590,348
605,331
610,303
611,281
617,253
622,230
623,203
609,183
582,167
542,153
509,145
480,139
450,134
419,131
392,129
368,133
344,151
333,167
320,191
310,211
298,233
292,257
282,280
283,320
292,341
311,351
334,349
356,371
378,389
364,381
402,389
416,370
ID=Alveugena,
LM=47,
1394,1286
1654,1534
1620,1216
1766,1306
2026,1460
2154,1212
2042,1048
1778,980
1814,958
1884,944
1966,930
2056,950
2134,962
2192,984
2222,1060
2246,1128
2262,1234
2294,1338
2332,1454
2350,1540
2310,1606
2194,1664
2108,1670
2062,1676
2022,1682
1990,1684
1932,1688
1896,1694
1836,1718
1788,1728
1742,1726
1682,1722
1606,1694
1546,1658
1474,1610
1438,1562
1404,1492
1380,1416
1354,1336
1334,1266
1326,1222
1346,1148
1376,1090
1426,1034
1498,1004
1564,968
1678,968
ID=Baioconodon,
LM=47,
420,55
518,100
416,144
484,177
527,235
478,285
420,250
393,190
394,212
396,237
397,259
407,276
423,288
448,295
474,299
492,293
504,288
518,282
534,273
540,262
544,252
544,237
542,224
539,208
537,198
536,188
536,176
540,154
547,136
552,119
546,103
539,90
526,80
510,70
492,62
474,54
457,50
439,48
426,43
416,44
408,52
399,67
395,84
391,102
388,120
386,140
388,164
ID=Betonnia,
LM=47,
1952,1530
2108,1396
2094,1612
2216,1500
2436,1420
2480,1626
2392,1726
2172,1732
2224,1738
2282,1740
2326,1748
2376,1762
2430,1752
2466,1718
2494,1674
2518,1618
2530,1572
2538,1520
2542,1468
2536,1422
2512,1376
2490,1342
2450,1322
2406,1322
2362,1328
2330,1332
2292,1340
2258,1334
2222,1302
2190,1284
2148,1264
2098,1264
2046,1276
2006,1304
1970,1346
1948,1390
1930,1426
1898,1480
1882,1528
1868,1580
1884,1634
1920,1676
1972,1698
2026,1712
2066,1722
2098,1728
2126,1730
ID=Carcinodon,
LM=47,
416,94
483,184
494,79
543,126
588,165
635,124
634,96
524,48
548,49
569,54
590,59
614,59
632,59
652,62
665,71
667,93
664,112
659,137
655,153
652,176
645,189
636,198
625,204
613,207
599,207
578,206
561,202
541,204
520,209
497,211
474,208
458,200
444,185
434,172
425,156
418,141
413,119
409,103
410,91
412,83
416,75
425,68
439,60
453,54
467,51
481,50
501,48
ID=Eoconodon,
LM=47,
2226,1455
2100,1703
2078,1400
1964,1591
1814,1638
1737,1498
1817,1352
2034,1334
2000,1319
1956,1316
1916,1304
1861,1298
1814,1300
1774,1334
1742,1376
1725,1415
1721,1451
1706,1502
1716,1540
1733,1598
1753,1659
1794,1703
1829,1719
1874,1723
1904,1720
1934,1704
1950,1707
1970,1719
1984,1742
2014,1760
2057,1782
2093,1786
2132,1782
2169,1763
2205,1726
2233,1692
2248,1671
2253,1608
2256,1550
2262,1503
2262,1455
2252,1427
2228,1402
2196,1379
2141,1350
2106,1336
2076,1334
ID=Onychodectes,
LM=47,
50,81
119,153
39,162
77,199
105,233
74,259
43,245
5,190
9,205
14,221
17,236
21,250
30,261
43,266
53,271
65,275
76,275
83,270
92,264
105,256
118,246
121,238
122,228
120,221
118,210
117,197
122,183
131,168
141,157
146,147
146,136
143,126
136,116
130,109
121,100
110,93
94,89
80,84
65,77
50,71
34,79
26,86
22,101
16,115
8,128
7,148
4,171
ID=Puercolestes,
LM=47,
466,330
544,200
551,389
673,287
758,235
800,320
761,394
661,487
690,475
717,473
750,476
778,477
804,464
827,444
848,408
858,379
860,346
860,306
847,272
834,235
822,215
802,196
782,184
757,176
733,175
710,176
685,176
660,163
638,142
613,125
587,109
563,99
529,96
486,110
458,134
439,180
435,230
434,280
437,336
448,388
471,438
498,472
525,491
558,503
585,503
609,501
625,500
ID=Wortmania,
LM=47,
1417,1625
1580,1433
1643,1647
1762,1573
1890,1418
2023,1557
1975,1702
1822,1795
1870,1787
1935,1780
2008,1775
2045,1758
2065,1710
2087,1645
2087,1577
2072,1500
2052,1430
2032,1370
2013,1330
1973,1300
1933,1298
1883,1315
1852,1332
1830,1340
1805,1345
1783,1340
1767,1337
1730,1328
1688,1315
1637,1312
1605,1312
1557,1335
1502,1380
1453,1437
1418,1500
1397,1563
1382,1627
1392,1677
1430,1728
1483,1773
1550,1813
1607,1832
1657,1840
1693,1835
1725,1830
1757,1820
1782,1808
ID=Mimatuta,
LM=47,
431,263
373,125
312,267
248,193
172,151
82,244
123,301
244,368
217,362
190,361
158,360
129,360
98,349
78,330
70,300
61,285
46,268
37,240
37,216
37,183
42,144
59,113
80,89
107,70
137,59
173,61
221,75
260,86
279,65
302,51
321,43
354,41
390,43
422,53
454,80
481,112
498,146
505,190
505,224
501,263
494,305
479,344
454,385
423,403
375,405
328,400
279,385
ID=Pucanodus,
LM=47,
67,47
118,93
55,98
104,131
125,159
81,192
50,174
20,115
20,131
17,145
17,163
20,182
28,196
45,209
59,209
71,208
86,202
101,197
122,197
137,195
150,187
156,177
160,164
160,153
160,145
159,136
156,125
158,113
159,100
160,89
158,77
155,62
148,51
140,44
130,35
118,32
106,30
94,30
79,33
66,35
55,37
48,44
43,52
35,61
26,72
19,87
19,100
ID=Cocatherium,
LM=47,
2058,1523
2125,1432
2134,1540
2171,1454
2261,1430
2284,1530
2239,1583
2158,1587
2182,1596
2213,1604
2238,1608
2260,1594
2270,1578
2291,1562
2304,1546
2304,1528
2309,1511
2306,1488
2304,1456
2294,1432
2287,1409
2272,1394
2256,1386
2240,1383
2218,1387
2201,1387
2186,1383
2170,1374
2151,1362
2129,1356
2112,1356
2094,1364
2083,1376
2070,1396
2059,1414
2050,1435
2042,1456
2037,1479
2031,1512
2033,1536
2044,1555
2064,1574
2083,1585
2099,1586
2116,1587
2129,1586
2144,1584
ID=Oxyacodon,
LM=47,
1832,1478
2094,1672
2064,1346
2258,1524
2490,1580
2530,1268
2348,1136
2140,1074
2186,1062
2244,1030
2318,1008
2390,1004
2474,1036
2526,1066
2574,1122
2610,1188
2650,1282
2674,1356
2684,1420
2690,1498
2690,1576
2680,1638
2634,1696
2564,1736
2510,1744
2454,1736
2376,1746
2298,1762
2244,1804
2168,1838
2092,1856
2006,1830
1936,1784
1874,1732
1828,1668
1786,1600
1760,1514
1756,1426
1784,1342
1820,1280
1852,1206
1904,1128
1958,1100
2004,1084
2042,1080
2076,1078
2108,1078
ID=Conacodon,
LM=47,
829,772
944,606
768,627
914,542
966,424
874,386
778,430
740,580
744,547
759,515
757,495
743,466
736,441
748,405
772,381
808,373
845,373
884,373
921,364
964,361
1001,370
1027,394
1039,423
1034,450
1024,472
1018,495
1017,520
1021,556
1042,567
1060,587
1069,609
1065,639
1052,666
1031,689
1003,714
979,733
956,750
930,771
910,789
874,809
837,818
804,804
785,767
791,723
756,690
740,663
736,623
ID=Bryanictis,
LM=47,
1620,946
1706,1238
1838,860
1978,1092
2144,1190
2334,1022
2284,752
1914,606
1992,636
2086,640
2184,620
2280,612
2368,622
2428,676
2474,766
2498,844
2506,960
2520,1052
2534,1146
2522,1238
2484,1338
2412,1410
2320,1466
2200,1500
2080,1512
1972,1524
1836,1522
1728,1488
1640,1440
1578,1390
1538,1336
1496,1262
1474,1158
1472,1068
1472,988
1476,896
1488,826
1514,756
1540,714
1578,666
1612,624
1648,598
1682,598
1728,596
1764,588
1808,588
1836,588
ID=Ectoconus,
LM=47,
2179,1223
2026,1114
2011,1265
1969,1178
1833,1103
1791,1266
1874,1342
2034,1370
1998,1366
1955,1377
1913,1389
1878,1398
1838,1398
1807,1378
1777,1339
1759,1313
1747,1269
1742,1227
1742,1178
1743,1127
1747,1085
1759,1051
1793,1023
1831,1026
1871,1042
1905,1046
1926,1043
1954,1034
1993,1005
2022,995
2065,994
2109,1015
2149,1042
2183,1078
2199,1117
2211,1166
2214,1225
2214,1269
2202,1307
2185,1327
2161,1346
2137,1357
2115,1367
2090,1374
2071,1374
2059,1371
2046,1370
ID=Maiorana,
LM=47,
2216,1452
2148,1379
2132,1499
2082,1428
2014,1391
1960,1476
2009,1540
2126,1583
2085,1587
2046,1599
2012,1599
1985,1591
1960,1580
1942,1554
1938,1528
1932,1500
1932,1470
1932,1440
1940,1412
1946,1387
1950,1362
1982,1340
2002,1335
2022,1338
2045,1344
2060,1350
2074,1347
2093,1338
2114,1326
2141,1315
2169,1314
2190,1323
2212,1338
2229,1358
2241,1383
2250,1415
2256,1451
2257,1496
2257,1524
2240,1551
2224,1566
2200,1574
2182,1580
2166,1582
2156,1582
2148,1583
2137,1583
ID=Hemithlaeus,
LM=47,
0,0
0,0
0,0
0,0
0,0
0,0
0,0
0,0
0,0
0,0
0,0
0,0
0,0
0,0
0,0
0,0
0,0
0,0
0,0
0,0
0,0
0,0
0,0
0,0
0,0
0,0
0,0
0,0
0,0
0,0
0,0
0,0
0,0
0,0
0,0
0,0
0,0
0,0
0,0
0,0
0,0
0,0
0,0
0,0
0,0
0,0
0,0
ID=Allqokirus,
LM=47,
1958,1360
2035,1448
2052,1329
2112,1394
2196,1452
2235,1366
2180,1297
2082,1264
2111,1268
2142,1268
2164,1261
2190,1258
2211,1270
2232,1292
2244,1316
2255,1346
2256,1376
2244,1398
2240,1420
2235,1449
2230,1477
2207,1486
2179,1486
2163,1482
2143,1485
2130,1489
2118,1490
2107,1494
2090,1506
2063,1513
2028,1510
1999,1504
1971,1478
1959,1442
1947,1408
1935,1380
1931,1357
1939,1332
1954,1301
1970,1277
1987,1266
2004,1260
2019,1254
2036,1252
2048,1252
2059,1254
2071,1258
ID=Alticonus,
LM=47,
34,77
74,97
69,53
100,84
122,88
127,53
112,36
63,35
73,33
81,32
90,31
97,28
107,26
115,26
124,29
131,36
134,45
141,52
144,60
142,70
139,78
142,88
143,99
138,109
128,115
119,117
110,120
99,127
89,134
78,136
66,136
55,132
47,126
41,119
36,110
31,101
28,92
24,86
22,78
22,69
25,61
30,56
35,48
40,44
45,41
49,39
53,37
ID=Ampliconus,
LM=47,
54,145
270,420
292,120
392,274
538,386
656,186
549,125
326,52
372,58
420,61
465,70
505,70
549,80
596,92
633,113
668,137
696,173
698,210
676,242
641,268
620,300
606,340
592,381
564,421
521,444
462,448
402,438
341,430
312,468
277,486
232,488
204,466
173,437
148,393
122,354
93,314
74,281
53,248
38,208
25,177
6,146
17,122
28,98
76,93
128,81
198,76
265,57
ID=Andinodelphys,
LM=47,
301,929
173,876
317,842
230,795
164,702
266,644
343,680
391,765
381,742
383,713
388,685
385,653
373,626
347,607
313,595
284,591
249,592
217,594
185,587
151,585
117,596
95,608
76,631
66,661
65,687
65,721
65,751
64,793
57,827
57,861
68,891
82,917
103,944
129,956
168,965
198,969
228,969
265,971
302,972
334,968
367,947
385,927
398,903
402,875
404,844
404,823
398,798
ID=Andinodus,
LM=47,
447,308
522,356
441,370
483,403
523,455
469,490
421,472
406,394
405,415
399,435
397,455
401,473
411,490
427,496
442,500
461,504
473,504
485,496
500,489
517,487
530,486
544,481
554,470
560,457
560,437
557,418
554,403
557,387
562,369
563,352
563,334
559,321
546,307
535,301
516,295
498,292
483,291
467,288
453,288
437,291
424,297
409,310
402,322
401,337
400,352
400,365
402,377
ID=Bubogonia,
LM=47,
104,122
326,210
121,260
293,382
413,517
222,620
94,560
52,397
62,429
62,477
56,522
56,560
62,596
85,636
120,662
161,673
206,672
241,670
294,666
336,666
380,668
430,660
472,638
498,610
516,577
522,526
497,441
497,386
505,332
501,288
484,244
458,200
426,168
386,137
340,124
284,108
228,108
182,104
141,101
104,94
73,110
52,150
33,201
24,250
24,294
26,321
32,345
ID=Chacomylus,
LM=47,
544,189
481,387
417,166
348,309
227,402
125,256
167,156
363,42
319,62
279,72
235,62
190,66
148,79
115,99
93,130
88,164
86,207
86,251
94,293
103,335
120,375
134,412
155,449
195,483
247,492
307,482
360,476
416,480
462,491
501,485
537,468
561,446
579,412
597,375
607,338
614,289
614,250
611,199
604,156
582,112
558,77
534,58
508,44
482,33
454,29
428,29
404,30
ID=Choeroclaenus,
LM=47,
1533,1408
1630,1285
1653,1423
1692,1338
1807,1295
1880,1410
1810,1442
1725,1457
1777,1460
1803,1463
1827,1467
1850,1465
1865,1453
1885,1438
1900,1422
1903,1402
1897,1378
1880,1333
1870,1302
1863,1268
1853,1252
1833,1242
1807,1242
1780,1252
1758,1252
1740,1247
1725,1242
1697,1233
1673,1228
1653,1228
1630,1235
1607,1258
1587,1295
1565,1327
1543,1355
1532,1375
1510,1402
1510,1420
1527,1428
1563,1433
1600,1432
1612,1432
1627,1453
1647,1467
1663,1468
1680,1467
1700,1463
ID=Incadelphys,
LM=47,
1757,1453
1870,1253
2000,1443
1995,1318
2152,1228
2270,1357
2225,1445
2097,1518
2147,1512
2187,1508
2222,1505
2253,1490
2278,1472
2292,1440
2303,1412
2307,1375
2300,1350
2280,1325
2265,1307
2252,1270
2233,1228
2220,1208
2183,1187
2145,1185
2108,1192
2067,1210
2022,1218
1965,1225
1933,1208
1897,1200
1870,1205
1845,1220
1825,1248
1807,1285
1788,1328
1768,1365
1748,1412
1732,1445
1725,1463
1737,1493
1767,1512
1810,1515
1855,1512
1897,1508
1943,1510
1993,1515
2048,1522
ID=Khasia,
LM=47,
615,85
732,261
557,289
658,369
689,437
595,497
553,425
544,335
542,369
536,398
528,427
538,460
553,483
569,512
593,539
623,529
638,511
655,497
669,479
688,466
708,453
718,441
718,431
709,413
700,401
697,381
703,363
718,338
749,330
776,321
784,285
789,256
790,220
776,191
755,166
730,144
706,115
689,96
668,68
638,46
601,45
580,77
572,118
578,164
571,205
540,250
522,295
ID=Mayulestes,
LM=47,
26,84
52,115
59,61
78,94
102,107
111,69
99,52
61,39
72,37
80,34
93,33
105,34
113,40
119,48
122,59
123,69
123,81
126,91
126,100
125,109
120,116
114,121
106,123
99,124
92,124
87,124
80,125
72,126
60,128
47,128
40,126
33,122
28,115
21,107
18,98
15,90
15,81
16,73
18,64
21,58
25,51
29,47
33,44
37,41
41,40
44,40
51,39
ID=Mithrandir,
LM=47,
0,0
0,0
0,0
0,0
0,0
0,0
0,0
0,0
0,0
0,0
0,0
0,0
0,0
0,0
0,0
0,0
0,0
0,0
0,0
0,0
0,0
0,0
0,0
0,0
0,0
0,0
0,0
0,0
0,0
0,0
0,0
0,0
0,0
0,0
0,0
0,0
0,0
0,0
0,0
0,0
0,0
0,0
0,0
0,0
0,0
0,0
0,0
ID=Molinodus,
LM=47,
438,183
349,331
303,154
241,262
152,318
84,229
123,135
254,75
221,82
184,79
145,77
102,90
75,108
59,132
48,168
43,204
42,242
42,276
37,315
37,360
46,398
64,429
94,447
124,459
157,462
195,461
238,455
278,461
320,464
351,467
394,463
429,447
454,431
468,400
482,371
486,336
493,296
495,259
495,213
497,188
503,150
499,114
469,80
440,64
401,49
344,49
301,60
ID=Simoclaenus,
LM=47,
121,282
349,446
90,493
324,580
417,748
213,873
112,752
69,541
77,589
82,634
80,688
74,750
93,801
130,846
166,881
210,906
254,874
288,834
329,822
377,813
422,801
453,769
458,734
458,696
453,669
441,640
432,590
436,538
433,481
417,433
398,400
368,373
340,346
301,321
264,301
228,282
182,266
142,249
114,240
93,253
86,282
80,328
80,360
80,401
70,432
60,454
56,490
ID=Thylacodon,
LM=47,
278,71
169,149
319,156
229,235
183,304
296,338
365,284
401,191
401,219
412,248
422,276
427,315
421,347
411,379
386,401
359,413
316,418
271,424
236,422
204,417
166,412
140,393
122,371
110,352
105,330
105,299
118,265
120,234
100,210
94,179
99,143
111,111
128,90
146,66
169,50
197,35
224,31
258,28
284,30
312,32
339,37
368,53
382,70
395,89
402,104
407,119
406,153
ID=Tinuviel,
LM=47,
439,673
255,511
454,450
374,370
251,231
417,127
526,190
599,409
591,381
597,339
613,294
625,246
625,205
602,161
558,125
466,81
415,62
333,71
225,98
169,123
118,165
82,222
65,267
61,307
69,346
93,394
98,438
93,469
75,522
67,559
67,599
85,662
115,703
145,734
190,755
239,777
279,794
323,811
361,819
409,819
461,811
509,794
555,755
593,702
618,615
625,534
619,469
ID=Tiuclaenus,
LM=47,
584,332
760,106
776,406
858,188
972,116
1108,336
994,414
842,462
880,448
924,452
976,450
1016,450
1062,438
1100,418
1138,394
1158,376
1138,328
1118,292
1120,232
1104,184
1096,142
1066,96
1028,72
988,62
944,62
900,62
850,62
806,56
764,46
718,48
688,64
660,88
640,122
618,152
594,182
570,216
554,254
540,290
532,326
520,358
532,392
562,418
594,440
638,446
676,456
728,468
788,468
ID=Tiulordia,
LM=47,
502,206
606,372
598,178
725,331
821,390
958,249
889,142
693,67
733,83
770,85
814,76
869,83
914,100
949,120
987,153
1003,185
1009,231
1011,276
1002,314
976,350
957,399
933,439
904,462
873,496
833,511
792,521
741,523
692,521
647,524
608,515
566,498
536,471
512,449
491,412
473,381
466,336
465,299
464,263
459,227
449,196
442,158
456,119
480,99
505,80
543,58
590,52
638,54
ID=Tiznatzinia,
LM=47,
142,174
236,302
250,146
340,260
426,320
497,192
432,105
298,42
333,40
376,40
413,40
456,54
486,73
512,106
525,145
538,190
544,233
553,277
553,328
544,377
520,412
484,434
442,441
397,434
369,426
342,414
324,406
284,406
242,417
186,417
144,404
104,382
78,354
62,318
62,281
62,236
48,192
48,156
60,118
74,89
97,65
121,50
149,42
173,42
194,42
220,42
258,44
ID=Carsioptychus,
LM=47,
130,39
40,96
139,126
67,162
41,214
104,252
130,211
150,175
147,192
145,212
141,228
134,244
123,257
107,263
96,260
80,262
63,263
51,260
41,254
31,245
24,233
24,222
27,211
32,203
36,189
38,176
37,163
28,146
22,132
18,113
19,99
25,87
38,78
52,69
71,59
88,49
106,38
125,27
139,29
141,40
140,54
140,82
137,105
148,116
152,127
149,141
151,158
ID=Peradectes,
LM=47,
2456,1450
2330,1208
2246,1494
2196,1308
1966,1180
1802,1390
1922,1576
2162,1628
2124,1624
2056,1654
2006,1672
1942,1674
1868,1654
1806,1608
1760,1540
1730,1460
1730,1370
1722,1280
1738,1198
1776,1118
1816,1048
1872,1008
1924,992
1984,996
2030,1008
2086,1014
2128,1012
2184,1008
2240,990
2320,992
2382,1006
2428,1044
2470,1084
2510,1128
2540,1174
2564,1246
2566,1342
2566,1412
2564,1482
2542,1554
2502,1600
2450,1636
2390,1660
2334,1670
2282,1670
2232,1658
2202,1644
ID=Desmatoclaenus,
LM=47,
2393,1434
2268,1620
2231,1323
2092,1536
1919,1640
1780,1379
1837,1242
2153,1127
2099,1131
2020,1114
1951,1106
1876,1104
1799,1115
1744,1158
1720,1219
1717,1304
1715,1379
1700,1452
1716,1531
1743,1611
1773,1691
1813,1736
1881,1771
1941,1772
2001,1755
2076,1726
2143,1739
2219,1751
2288,1748
2339,1727
2373,1702
2409,1666
2424,1630
2436,1592
2445,1539
2451,1495
2457,1435
2455,1378
2449,1331
2449,1286
2444,1234
2420,1188
2388,1159
2345,1139
2315,1130
2268,1120
2220,1119
ID=Loxolophus,
LM=47,
7933,5408
9158,7275
9600,5142
10308,6358
11800,7525
12633,6158
12233,5192
10075,4575
10542,4692
11042,4708
11642,4708
12142,4767
12592,4842
12875,5167
12975,5625
13008,6158
12958,6667
12842,7158
12775,7442
12733,7867
12492,8192
12208,8367
11858,8408
11533,8392
11100,8358
10558,8258
10108,8333
9767,8333
9342,8408
8942,8408
8575,8333
8242,8067
8000,7667
7858,7292
7758,6733
7675,6092
7592,5567
7592,5175
7758,4825
8033,4625
8333,4508
8642,4442
8975,4433
9292,4433
9533,4475
9725,4508
9900,4533
ID=Oxyprimus,
LM=47,
1660,808
1822,997
1844,762
1949,894
2125,996
2261,814
2190,701
1893,635
1943,644
1987,648
2038,632
2089,628
2155,626
2218,622
2275,638
2307,691
2309,752
2319,806
2322,872
2302,934
2291,991
2283,1052
2253,1112
2197,1147
2125,1152
2050,1142
1985,1136
1925,1147
1861,1155
1789,1142
1742,1119
1699,1086
1671,1042
1647,999
1633,958
1625,902
1617,851
1602,803
1599,755
1621,718
1659,684
1710,658
1735,644
1763,636
1786,631
1807,628
1830,626
ID=Oxyclaenus,
LM=47,
0,0
0,0
0,0
0,0
0,0
0,0
0,0
0,0
0,0
0,0
0,0
0,0
0,0
0,0
0,0
0,0
0,0
0,0
0,0
0,0
0,0
0,0
0,0
0,0
0,0
0,0
0,0
0,0
0,0
0,0
0,0
0,0
0,0
0,0
0,0
0,0
0,0
0,0
0,0
0,0
0,0
0,0
0,0
0,0
0,0
0,0
0,0
ID=Procerberus,
LM=47,
255,67
286,120
290,52
333,114
376,137
413,81
388,51
329,38
342,39
351,39
363,39
374,35
384,34
396,34
407,40
415,46
422,53
428,63
429,79
427,107
425,136
421,155
411,167
399,171
377,171
350,166
333,165
317,165
299,166
285,159
273,148
267,135
261,121
257,108
254,93
253,81
251,71
250,63
254,59
263,57
270,50
276,43
282,40
288,39
297,39
303,38
314,38
ID=Prothryptacodon,
LM=47,
255,53
239,88
223,44
210,70
190,97
172,74
179,43
203,31
196,33
187,34
179,34
171,34
166,38
162,44
161,54
163,61
165,69
166,77
168,84
169,93
171,100
175,106
182,109
189,108
194,106
200,102
207,104
216,108
225,108
233,107
240,104
245,100
250,96
254,91
258,86
260,78
261,71
262,62
262,54
259,48
254,45
249,42
245,37
238,34
232,31
225,29
213,29
ID=Aphronorus,
LM=47,
263,351
129,402
292,435
164,488
91,565
186,637
289,593
320,475
314,497
311,516
327,547
335,583
330,616
316,647
288,668
251,675
205,674
165,669
121,665
81,644
60,616
45,582
44,549
55,525
60,511
67,491
67,471
61,445
58,413
65,390
77,367
93,354
114,337
139,329
164,323
191,318
224,316
246,316
270,321
284,330
298,342
310,358
318,378
321,395
323,416
324,433
324,450
ID=Chriacus,
LM=47,
2215,1408
2142,1339
2168,1463
2120,1401
2048,1380
2031,1447
2062,1479
2132,1475
2116,1476
2096,1481
2079,1489
2070,1496
2055,1496
2044,1487
2026,1471
2016,1453
2014,1436
2014,1414
2015,1390
2017,1369
2028,1357
2044,1349
2056,1350
2070,1350
2084,1350
2093,1344
2098,1338
2105,1331
2117,1317
2132,1311
2148,1309
2164,1314
2175,1323
2187,1337
2202,1357
2213,1378
2224,1391
2232,1400
2232,1411
2230,1422
2220,1433
2217,1453
2208,1469
2192,1485
2173,1494
2156,1495
2144,1487
ID=Prodiacodon,
LM=47,
339,139
319,87
290,157
286,109
265,88
232,105
223,140
269,174
259,169
249,167
237,165
226,161
217,155
212,147
211,137
215,129
218,120
220,109
224,100
231,96
237,96
245,87
255,80
265,78
274,83
282,86
293,83
303,76
312,69
322,67
331,71
339,78
345,87
347,98
346,107
346,117
346,127
346,137
343,145
337,150
331,154
324,159
316,165
309,169
300,172
293,176
281,176
ID=Pararyctes,
LM=47,
2358,1345
2245,1520
2233,1250
2137,1458
1944,1530
1882,1372
1944,1229
2178,1214
2144,1218
2093,1205
2052,1213
2010,1212
1972,1194
1932,1194
1900,1218
1882,1270
1874,1314
1845,1346
1838,1390
1860,1438
1889,1472
1897,1524
1916,1566
1966,1586
2026,1582
2078,1565
2137,1572
2192,1589
2232,1614
2270,1601
2305,1581
2342,1545
2358,1524
2372,1512
2384,1481
2394,1452
2404,1428
2412,1385
2409,1346
2404,1322
2374,1302
2356,1276
2332,1246
2301,1225
2276,1213
2253,1208
2221,1205
ID=Palaeictops,
LM=47,
1280,337
1198,482
1157,309
1071,415
962,523
882,413
911,302
1056,225
1029,234
1000,239
966,239
933,247
904,255
878,271
859,297
851,329
850,377
852,429
858,469
870,507
898,536
926,555
962,559
986,549
1006,539
1045,531
1090,541
1132,553
1176,553
1211,544
1231,527
1249,503
1262,476
1275,451
1279,427
1282,400
1290,377
1297,351
1302,334
1294,318
1276,298
1254,279
1231,263
1198,245
1168,233
1137,225
1098,220
ID=Purgatorius,
LM=47,
1360,1343
1505,1118
1598,1465
1705,1315
1995,1077
2182,1408
2040,1550
1773,1648
1842,1657
1915,1685
2007,1702
2092,1678
2158,1637
2232,1578
2245,1505
2240,1415
2238,1330
2218,1262
2240,1190
2233,1117
2207,1037
2167,968
2128,942
2055,918
1993,935
1935,955
1807,950
1715,943
1647,922
1560,923
1487,952
1433,998
1388,1057
1345,1132
1320,1210
1295,1278
1275,1315
1282,1362
1312,1417
1342,1503
1388,1570
1455,1628
1520,1668
1582,1683
1638,1682
1685,1675
1728,1665
ID=Litaletes,
LM=47,
1928,1404
2019,1488
2051,1346
2123,1426
2230,1516
2272,1376
2218,1292
2083,1268
2104,1272
2140,1269
2180,1257
2216,1253
2251,1262
2274,1288
2294,1329
2312,1374
2323,1410
2323,1448
2327,1481
2338,1521
2320,1560
2292,1585
2256,1597
2232,1596
2207,1590
2182,1588
2158,1594
2140,1600
2111,1618
2070,1628
2035,1621
2002,1609
1976,1585
1956,1550
1938,1508
1926,1468
1912,1440
1900,1414
1900,1389
1908,1356
1922,1326
1943,1301
1968,1280
1987,1272
2010,1264
2034,1262
2050,1265
ID=Auraria,
LM=47,
2452,1540
2296,1740
2270,1442
2124,1618
1916,1754
1776,1488
1898,1380
2180,1314
2120,1328
2070,1332
2006,1318
1942,1308
1890,1302
1820,1328
1776,1354
1744,1400
1724,1458
1730,1514
1742,1572
1742,1636
1740,1700
1738,1754
1744,1806
1786,1852
1846,1872
1928,1874
2006,1868
2088,1876
2150,1900
2226,1900
2278,1890
2322,1860
2362,1822
2404,1788
2428,1728
2446,1676
2478,1608
2496,1546
2482,1494
2458,1460
2426,1418
2402,1380
2372,1350
2338,1326
2300,1314
2266,1314
2236,1310
ID=Litomylus,
LM=47,
2388,1556
2230,1360
2166,1584
2143,1436
1984,1376
1916,1447
1943,1536
2116,1600
2080,1592
2047,1582
2006,1586
1963,1588
1922,1572
1903,1544
1896,1510
1895,1443
1898,1419
1908,1384
1920,1354
1942,1322
1966,1311
1991,1307
2016,1314
2058,1332
2098,1343
2131,1338
2155,1330
2180,1312
2210,1288
2248,1272
2286,1282
2315,1300
2340,1318
2360,1352
2378,1383
2399,1424
2415,1467
2427,1506
2432,1546
2432,1580
2412,1598
2376,1606
2342,1602
2306,1596
2262,1612
2211,1628
2167,1626
ID=Protictis,
LM=47,
214,692
124,628
276,618
164,552
109,458
210,388
299,433
350,566
340,542
342,515
349,488
351,459
348,424
334,398
309,379
276,375
243,371
212,368
184,364
151,358
121,358
90,360
69,372
47,398
36,435
36,478
43,523
38,554
34,590
37,624
48,654
62,669
80,685
104,699
126,710
151,718
179,724
202,723
228,722
258,719
284,711
304,699
323,682
340,664
354,643
358,621
358,601
ID=Haplaletes,
LM=47,
1423,1487
1600,1380
1645,1600
1758,1418
1987,1352
2098,1565
1967,1688
1742,1788
1810,1788
1867,1798
1957,1803
2023,1793
2095,1753
2138,1710
2172,1668
2198,1612
2202,1582
2188,1515
2187,1468
2187,1398
2177,1342
2158,1290
2125,1257
2085,1232
2030,1215
1955,1210
1858,1202
1742,1183
1688,1157
1618,1152
1560,1160
1495,1178
1438,1212
1403,1260
1375,1335
1358,1438
1363,1510
1385,1577
1410,1647
1437,1705
1463,1737
1502,1763
1543,1785
1582,1790
1625,1798
1665,1800
1702,1793
ID=Anisonchus,
LM=47,
2115,1348
2013,1132
1995,1405
1897,1247
1723,1193
1618,1348
1710,1483
1900,1543
1877,1545
1835,1557
1798,1567
1737,1567
1675,1560
1643,1527
1610,1493
1593,1455
1578,1405
1578,1360
1583,1323
1600,1288
1600,1242
1597,1195
1598,1143
1618,1107
1650,1068
1687,1048
1783,1027
1913,1005
1970,1000
2023,1007
2067,1023
2102,1048
2128,1093
2148,1142
2160,1198
2167,1247
2180,1317
2188,1380
2188,1428
2182,1467
2163,1507
2130,1537
2087,1555
2043,1563
2008,1565
1972,1565
1937,1557
ID=Promioclaenus,
LM=47,
2011,1469
2081,1503
2078,1411
2146,1476
2217,1490
2248,1436
2193,1372
2108,1341
2135,1340
2162,1337
2195,1331
2226,1333
2243,1338
2255,1355
2258,1373
2282,1395
2287,1420
2280,1439
2280,1457
2288,1488
2280,1511
2265,1535
2246,1548
2220,1553
2198,1550
2180,1552
2164,1558
2144,1564
2121,1572
2097,1577
2071,1579
2042,1573
2017,1554
1998,1543
1989,1520
1983,1489
1979,1462
1979,1430
1981,1406
1989,1383
2003,1361
2026,1345
2047,1340
2064,1339
2075,1339
2083,1339
2090,1339
ID=Haploconus,
LM=47,
1926,1550
2018,1364
2074,1590
2122,1392
2284,1274
2388,1448
2316,1602
2158,1626
2194,1622
2236,1626
2272,1640
2310,1648
2352,1636
2386,1608
2408,1564
2418,1514
2422,1470
2422,1428
2422,1382
2414,1328
2400,1270
2380,1230
2336,1198
2296,1188
2248,1194
2212,1216
2164,1236
2112,1258
2068,1254
2030,1254
1990,1264
1954,1300
1922,1344
1906,1394
1894,1442
1888,1492
1878,1528
1874,1570
1884,1592
1918,1606
1958,1610
1994,1630
2026,1648
2060,1660
2100,1658
2126,1650
2140,1638
ID=Mixodectes,
LM=47,
1850,1678
1930,1494
1988,1692
2090,1590
2178,1502
2302,1630
2210,1730
2090,1892
2140,1898
2198,1906
2246,1906
2284,1882
2310,1820
2332,1748
2346,1688
2362,1634
2348,1588
2324,1552
2296,1512
2286,1458
2248,1426
2214,1408
2172,1402
2134,1408
2098,1414
2066,1418
2042,1416
2000,1406
1964,1396
1926,1396
1892,1398
1858,1410
1806,1430
1770,1470
1754,1518
1754,1564
1746,1618
1744,1668
1744,1720
1752,1768
1786,1828
1820,1858
1868,1880
1908,1902
1950,1910
1998,1908
2046,1902
ID=Periptychus,
LM=47,
2290,1370
2229,1505
2208,1352
2160,1480
2057,1537
1969,1454
2009,1360
2128,1329
2102,1334
2065,1330
2036,1325
2006,1326
1980,1338
1962,1368
1953,1404
1953,1434
1950,1465
1962,1492
1978,1517
1989,1538
2010,1572
2030,1589
2056,1597
2080,1597
2106,1588
2137,1581
2165,1574
2189,1572
2213,1574
2236,1572
2260,1557
2281,1533
2298,1505
2309,1465
2312,1432
2314,1396
2313,1366
2302,1349
2286,1338
2261,1332
2241,1320
2218,1313
2194,1312
2176,1314
2161,1316
2149,1318
2138,1322
ID=Plesiolestes,
LM=47,
22,81
41,117
54,59
63,89
95,125
115,92
104,52
69,37
80,38
92,36
102,35
114,37
123,41
131,47
133,58
132,68
133,80
134,97
133,111
131,120
125,130
117,136
105,141
93,140
83,138
74,135
66,132
59,131
50,132
38,133
29,130
22,126
18,117
15,104
13,91
13,81
14,72
14,64
14,55
17,46
24,39
30,36
38,35
46,34
53,35
58,36
63,37
ID=Protoselene,
LM=47,
97,37
40,85
104,93
51,132
30,169
83,194
108,164
119,117
118,129
117,142
117,154
117,169
114,181
110,191
103,199
93,204
84,206
75,203
67,202
50,204
35,204
27,198
20,187
16,172
21,159
26,146
27,133
22,118
18,104
19,92
24,81
32,75
40,70
49,61
59,53
70,44
80,38
91,31
98,27
104,29
108,36
110,45
112,56
113,65
112,75
115,85
118,100
ID=Swaindelphys,
LM=47,
2341,1363
2209,1158
2152,1376
2090,1274
1956,1200
1908,1278
1938,1391
2106,1438
2069,1435
2034,1444
1988,1438
1942,1435
1917,1419
1898,1387
1892,1350
1880,1311
1882,1270
1894,1246
1908,1223
1922,1190
1950,1174
1977,1170
2000,1176
2021,1182
2042,1192
2060,1196
2076,1195
2096,1184
2113,1163
2136,1139
2158,1123
2184,1112
2205,1106
2236,1108
2257,1123
2288,1160
2313,1198
2328,1227
2350,1254
2362,1295
2378,1350
2374,1384
2358,1402
2306,1415
2258,1430
2198,1442
2149,1440
ID=Acmeodon,
LM=47,
2212,1156
2176,1402
2032,1346
2154,1552
2138,1660
2054,1732
1998,1666
1984,1420
1978,1458
1960,1514
1946,1586
1954,1638
1970,1684
1978,1744
2018,1782
2058,1798
2100,1796
2146,1804
2196,1804
2236,1780
2266,1744
2282,1700
2284,1654
2286,1608
2298,1568
2310,1530
2320,1492
2338,1438
2354,1392
2354,1348
2342,1294
2338,1254
2320,1202
2288,1164
2268,1134
2240,1122
2204,1112
2158,1120
2120,1142
2088,1168
2052,1188
2020,1210
1998,1242
1990,1296
1986,1334
1986,1352
1986,1366
ID=Ankalagon,
LM=47,
89,266
280,450
272,162
409,393
549,452
642,302
558,161
372,125
412,138
457,137
504,125
544,117
585,121
620,134
649,165
664,206
670,249
672,294
672,332
660,380
641,445
614,505
588,537
545,549
498,548
450,522
414,510
372,529
332,564
290,584
245,578
213,557
189,518
165,485
142,449
120,404
93,353
77,312
69,261
78,236
109,216
150,178
189,144
225,125
260,110
290,106
325,112
ID=Bessoecetor,
LM=47,
145,73
85,96
145,117
138,138
85,174
126,198
150,185
161,135
162,156
162,174
162,184
162,193
157,201
151,209
145,216
129,215
111,215
95,211
82,206
66,196
59,189
56,182
56,174
59,163
62,156
64,146
64,136
60,127
55,118
50,108
50,99
55,91
63,82
71,76
83,68
92,65
104,63
115,63
128,63
138,63
150,63
157,68
165,76
168,84
168,95
167,109
163,123
ID=Caenolambda,
LM=47,
2300,1596
2124,1970
2146,1554
1902,1856
1678,1986
1490,1634
1610,1496
2006,1448
1936,1462
1856,1456
1790,1428
1720,1402
1652,1400
1592,1418
1544,1456
1504,1502
1476,1558
1456,1616
1444,1684
1432,1760
1430,1838
1434,1924
1466,2000
1524,2050
1606,2074
1708,2080
1898,2066
2000,2086
2078,2114
2154,2124
2218,2112
2276,2082
2310,2050
2352,1998
2382,1938
2390,1870
2388,1802
2390,1744
2396,1690
2402,1636
2402,1576
2372,1508
2326,1464
2270,1438
2208,1426
2146,1424
2076,1430
ID=Colpoclaenus,
LM=47,
1770,1570
1948,1230
1968,1682
2108,1408
2378,1270
2542,1538
2406,1758
2098,1842
2150,1840
2218,1856
2296,1862
2368,1856
2442,1838
2500,1788
2544,1728
2574,1668
2592,1598
2604,1474
2600,1360
2578,1292
2538,1232
2486,1198
2426,1176
2372,1162
2320,1154
2260,1140
2220,1136
2184,1128
2134,1112
2080,1092
2026,1080
1954,1072
1884,1088
1822,1120
1780,1150
1738,1194
1718,1260
1706,1362
1682,1472
1670,1560
1680,1620
1718,1702
1768,1764
1842,1804
1922,1832
2000,1846
2050,1842
ID=Conoryctella,
LM=47,
2516,1636
2394,1494
2352,1754
2226,1642
1984,1458
1830,1616
1998,1834
2236,1934
2200,1934
2110,1968
2040,1980
1948,1952
1888,1920
1834,1882
1794,1838
1758,1774
1754,1686
1760,1606
1786,1532
1806,1448
1816,1380
1858,1332
1920,1290
1994,1284
2086,1286
2154,1300
2198,1330
2222,1338
2290,1324
2382,1330
2454,1362
2506,1408
2556,1474
2582,1574
2586,1672
2562,1768
2526,1842
2490,1886
2450,1920
2416,1942
2378,1956
2352,1960
2322,1960
2300,1954
2286,1950
2264,1942
2251,1937
ID=Conoryctes,
LM=47,
2315,1374
2206,1469
2187,1309
2130,1428
2032,1480
1984,1381
2026,1330
2137,1291
2109,1295
2077,1295
2042,1294
2006,1299
1983,1321
1963,1357
1952,1381
1952,1412
1968,1442
1992,1465
2000,1489
2010,1510
2031,1519
2058,1518
2087,1518
2101,1515
2119,1515
2135,1518
2145,1520
2160,1529
2177,1548
2207,1549
2233,1544
2262,1531
2287,1517
2308,1493
2326,1462
2352,1425
2363,1394
2358,1371
2344,1352
2319,1337
2290,1324
2243,1295
2206,1278
2185,1272
2165,1272
2154,1277
2145,1282
ID=Coriphagus,
LM=47,
2412,1474
2254,1280
2246,1554
2146,1434
1978,1336
1878,1476
1968,1610
2202,1606
2158,1612
2082,1630
2022,1636
1984,1650
1944,1650
1908,1624
1874,1578
1848,1532
1834,1490
1834,1444
1856,1394
1876,1350
1904,1306
1942,1276
1988,1260
2036,1254
2074,1250
2106,1248
2138,1244
2170,1240
2204,1232
2246,1224
2278,1224
2310,1234
2336,1256
2364,1288
2400,1340
2428,1378
2442,1418
2456,1452
2466,1494
2466,1524
2446,1542
2412,1556
2366,1574
2336,1586
2308,1598
2282,1606
2248,1612
ID=Deltatherium,
LM=47,
2394,1628
2309,1246
2191,1600
2114,1451
1894,1263
1754,1468
1819,1650
2107,1752
2055,1752
1991,1748
1918,1762
1842,1746
1779,1728
1715,1668
1699,1603
1686,1528
1686,1463
1705,1398
1733,1326
1765,1263
1802,1207
1827,1163
1877,1134
1939,1124
2010,1124
2078,1131
2146,1138
2203,1140
2266,1126
2330,1123
2387,1143
2435,1186
2482,1246
2502,1331
2514,1431
2514,1510
2511,1566
2506,1627
2494,1688
2478,1738
2419,1763
2354,1774
2299,1788
2243,1788
2190,1779
2163,1770
2139,1763
ID=Deuterogonodon,
LM=47,
61,38
113,88
50,93
94,116
106,138
77,162
56,145
47,109
46,121
46,131
46,142
50,152
55,158
63,161
68,168
74,173
82,173
89,169
95,164
100,160
106,160
112,157
116,152
119,147
121,138
121,132
121,126
121,117
127,109
135,105
139,97
139,87
135,79
129,70
119,62
108,54
98,48
89,41
81,34
72,29
63,29
53,30
48,43
49,59
43,72
40,86
41,100
ID=Gelastops,
LM=47,
2430,1290
2238,1453
2280,1232
2158,1376
2007,1398
1927,1274
1990,1160
2219,1126
2180,1122
2131,1106
2075,1089
2022,1082
1978,1101
1939,1130
1911,1186
1890,1238
1888,1300
1895,1364
1927,1405
1951,1430
1980,1452
2006,1470
2036,1484
2072,1494
2102,1501
2128,1513
2148,1524
2166,1532
2202,1557
2235,1577
2272,1593
2323,1604
2376,1602
2427,1582
2460,1560
2491,1524
2506,1474
2516,1405
2519,1350
2524,1306
2514,1257
2486,1212
2435,1169
2395,1145
2352,1134
2311,1128
2270,1129
ID=Goniacodon,
LM=47,
393,241
468,123
491,269
536,193
598,143
682,189
648,258
536,317
560,306
577,304
594,310
615,310
645,303
658,303
684,285
705,261
717,231
717,195
704,159
678,131
649,108
621,93
591,91
579,93
568,97
560,103
549,109
526,97
494,85
462,84
436,94
421,108
407,126
396,151
386,169
376,195
369,221
369,242
376,262
388,278
402,292
411,294
425,299
442,307
454,314
469,320
504,324
ID=Huerfanodon,
LM=47,
125,131
78,180
147,180
96,201
88,228
112,251
134,235
143,189
142,202
141,214
141,225
141,233
141,239
137,244
130,245
124,250
119,255
111,256
105,253
99,247
91,241
83,237
76,228
74,221
75,214
76,209
75,199
69,190
63,180
59,174
55,164
55,157
58,149
62,144
67,139
76,135
86,131
99,127
112,125
125,124
132,127
136,134
137,144
145,154
154,165
156,175
152,184
ID=Leptonysson,
LM=47,
2235,1607
2123,1471
2114,1657
2031,1511
1882,1453
1805,1590
1862,1693
2049,1762
1991,1761
1923,1754
1870,1745
1821,1727
1789,1694
1767,1650
1751,1609
1749,1557
1749,1515
1763,1461
1781,1419
1807,1374
1845,1355
1902,1346
1946,1339
1990,1331
2009,1330
2023,1331
2034,1331
2049,1331
2083,1331
2113,1339
2154,1342
2201,1353
2241,1370
2273,1410
2294,1461
2301,1526
2301,1567
2302,1609
2295,1661
2278,1695
2247,1730
2222,1747
2195,1759
2157,1763
2131,1767
2110,1767
2081,1765
ID=Mimotricentes,
LM=47,
122,43
67,70
133,71
91,115
67,157
101,179
139,167
135,109
132,120
136,134
137,146
144,156
146,168
143,176
133,182
120,185
106,185
93,183
78,182
65,179
58,173
54,166
53,159
53,149
54,143
56,136
56,127
52,117
45,108
42,95
44,80
47,67
54,58
63,51
70,46
80,40
88,37
97,36
105,36
113,35
121,34
128,37
133,47
134,57
145,69
143,82
139,97
ID=Myrmecoboides,
LM=47,
2367,1498
2236,1283
2208,1527
2084,1422
1944,1312
1855,1415
1899,1560
2102,1638
2066,1638
2022,1634
1978,1619
1920,1611
1886,1603
1859,1586
1847,1562
1831,1506
1818,1455
1814,1418
1830,1384
1852,1362
1882,1318
1911,1288
1936,1280
1964,1282
2011,1308
2042,1327
2087,1322
2118,1286
2156,1256
2192,1235
2223,1220
2258,1231
2290,1256
2319,1295
2344,1336
2367,1379
2390,1431
2402,1479
2407,1518
2394,1547
2367,1578
2326,1606
2288,1619
2251,1622
2215,1630
2186,1635
2144,1635
ID=Paleotomus,
LM=47,
565,310
406,415
603,441
539,500
464,581
576,639
629,595
643,432
643,461
642,491
654,518
660,553
660,594
650,622
633,648
602,666
559,675
522,676
472,676
431,669
390,657
367,637
358,616
353,591
360,563
375,537
379,526
376,503
354,483
338,453
336,423
336,391
354,369
380,351
413,333
440,320
471,307
503,295
532,290
553,283
580,280
599,288
605,304
620,319
633,346
638,365
643,399
ID=Pantolambda,
LM=47,
2530,1486
2352,1254
2282,1514
2196,1386
2040,1292
1974,1370
2044,1528
2242,1608
2194,1602
2138,1608
2084,1608
2030,1590
1992,1568
1970,1512
1952,1460
1936,1410
1940,1362
1958,1340
1978,1304
2008,1266
2034,1240
2072,1210
2112,1208
2148,1214
2184,1214
2210,1214
2236,1210
2264,1198
2298,1176
2340,1162
2390,1160
2434,1168
2470,1186
2504,1220
2522,1258
2536,1310
2552,1368
2562,1418
2568,1466
2568,1504
2548,1536
2512,1556
2466,1574
2420,1598
2374,1610
2340,1614
2296,1614
ID=Pentacodon,
LM=47,
151,94
119,39
105,102
88,72
48,38
24,83
48,106
101,117
93,113
82,118
71,122
58,122
47,120
36,115
24,111
19,100
15,89
12,78
15,67
20,59
22,47
28,37
37,26
48,20
61,23
71,34
78,38
91,32
103,22
117,16
128,17
139,24
146,31
153,42
158,54
160,64
160,75
160,86
160,98
160,107
156,114
151,121
144,128
138,130
132,128
124,125
113,122
ID=Presbytherium,
LM=47,
2436,1488
2282,1712
2348,1362
2172,1480
1996,1542
1928,1352
2030,1226
2242,1126
2164,1134
2088,1136
2022,1146
1934,1188
1870,1248
1828,1326
1810,1404
1814,1472
1820,1522
1826,1566
1844,1602
1870,1636
1902,1664
1938,1690
1976,1706
2018,1718
2056,1734
2080,1738
2096,1750
2120,1766
2144,1804
2194,1840
2244,1862
2306,1868
2362,1854
2410,1824
2444,1784
2468,1728
2478,1660
2490,1584
2490,1508
2490,1444
2490,1394
2488,1330
2462,1266
2428,1216
2396,1192
2362,1166
2306,1136
ID=Psittacotherium,
LM=47,
3072,1890
2721,1278
2487,1770
2199,1464
1932,1215
1656,1467
1686,1728
2202,1935
2091,1908
1977,1884
1890,1887
1803,1884
1689,1872
1614,1845
1563,1806
1512,1734
1485,1650
1485,1548
1509,1443
1578,1356
1635,1287
1731,1140
1827,1050
1950,1017
2049,1047
2154,1107
2328,1134
2433,1131
2556,1092
2664,1077
2763,1077
2862,1101
2949,1158
3048,1230
3126,1317
3177,1416
3192,1503
3189,1590
3177,1713
3198,1821
3174,1938
3114,2004
2979,2049
2832,2079
2649,2073
2496,2037
2358,1995
ID=Triisodon,
LM=47,
1720,1110
1896,1596
1928,1030
2238,1420
2472,1718
2738,1202
2588,978
2218,874
2298,900
2386,892
2446,868
2536,862
2624,884
2694,932
2752,1002
2798,1062
2834,1146
2852,1232
2868,1336
2870,1416
2852,1534
2820,1628
2770,1706
2674,1790
2542,1820
2326,1808
2194,1764
2088,1782
1974,1784
1870,1746
1784,1692
1716,1628
1676,1546
1628,1458
1592,1376
1588,1270
1598,1172
1616,1088
1666,1008
1720,956
1794,898
1844,866
1900,850
1952,836
1996,832
2048,832
2132,840
ID=Arctocyon,
LM=47,
2888,1238
2678,1430
2646,1088
2532,1382
2240,1444
2122,1192
2190,1066
2592,902
2534,896
2456,912
2370,924
2290,934
2212,936
2158,958
2100,1014
2066,1080
2056,1154
2052,1226
2052,1300
2060,1376
2090,1440
2144,1482
2202,1516
2264,1530
2328,1534
2398,1538
2490,1524
2568,1538
2636,1552
2700,1554
2768,1556
2830,1548
2872,1518
2914,1462
2942,1406
2966,1338
2970,1278
2974,1204
2966,1126
2946,1074
2924,1012
2872,952
2816,932
2766,914
2724,910
2696,908
2664,904
ID=Thryptacodon,
LM=47,
71,263
275,449
342,187
456,347
643,387
680,264
610,170
406,111
457,106
483,107
517,109
573,113
615,129
656,161
691,205
711,244
715,283
712,327
699,383
669,417
618,433
577,431
561,430
547,426
530,426
512,425
480,427
444,438
436,468
412,494
385,512
354,530
311,534
268,519
232,494
195,465
158,428
122,389
78,336
45,286
46,250
66,219
91,187
139,164
218,139
278,128
345,115
ID=Simpsonictis,
LM=47,
2754,1568
2676,1399
2638,1602
2612,1419
2500,1351
2407,1458
2447,1568
2583,1592
2563,1587
2532,1592
2495,1603
2459,1603
2424,1596
2403,1582
2398,1552
2397,1526
2383,1491
2375,1455
2389,1422
2416,1379
2423,1348
2431,1308
2447,1278
2480,1260
2522,1268
2558,1288
2595,1302
2636,1306
2674,1298
2720,1307
2748,1335
2767,1368
2778,1415
2782,1468
2782,1503
2784,1535
2790,1572
2780,1592
2759,1598
2732,1607
2691,1616
2666,1627
2638,1628
2611,1620
2603,1610
2595,1602
2589,1597
ID=Elpidophorus,
LM=47,
231,111
274,175
299,88
330,154
382,180
434,122
420,74
350,43
364,51
377,42
394,36
415,35
437,40
455,50
465,68
472,84
470,105
466,127
463,146
461,164
454,179
442,198
425,211
408,219
385,223
360,217
336,207
317,212
291,215
265,210
245,201
232,188
221,171
216,151
215,129
216,111
217,95
223,79
231,64
239,53
251,45
263,39
276,33
290,30
305,30
323,32
334,35
ID=Phenacodus,
LM=47,
341,318
203,413
369,412
240,482
192,573
315,629
401,581
411,453
405,476
402,499
409,528
420,555
425,585
419,616
400,634
377,647
352,650
320,654
278,654
246,651
219,644
192,641
158,632
138,612
135,580
138,554
141,511
138,477
127,444
130,410
144,376
162,352
185,329
211,318
240,313
277,310
306,306
330,302
347,302
359,309
371,321
383,339
400,363
407,387
408,403
410,415
410,424
ID=Anasazia,
LM=47,
732,418
632,461
769,507
681,575
641,629
713,689
790,665
840,585
843,604
850,623
853,647
853,676
843,699
827,721
807,733
781,741
744,740
713,733
683,727
646,717
621,703
602,687
586,665
581,643
581,620
587,599
602,569
601,540
589,505
585,473
587,451
595,421
612,402
632,391
656,385
680,383
701,383
724,387
747,390
771,397
790,401
811,415
834,436
849,457
865,488
864,521
853,553
ID=Ectocion,
LM=47,
365,391
193,390
362,480
232,512
143,618
290,698
380,668
394,549
392,576
400,610
398,649
395,683
384,708
347,713
310,715
275,715
231,707
200,699
170,692
138,689
109,672
88,643
85,606
82,573
82,540
82,504
87,472
94,444
108,419
120,399
136,380
151,366
172,357
199,352
224,349
258,348
302,348
332,354
355,362
373,374
382,394
391,420
398,446
398,477
398,501
398,508
398,522
ID=Edworthia,
LM=47,
2018,1418
2057,1495
2065,1411
2108,1468
2177,1521
2217,1440
2183,1374
2141,1354
2156,1356
2173,1355
2191,1354
2208,1362
2221,1379
2229,1405
2232,1427
2235,1442
2234,1460
2228,1478
2227,1502
2227,1524
2220,1540
2205,1553
2189,1553
2173,1551
2162,1547
2146,1543
2135,1537
2116,1537
2098,1545
2080,1550
2064,1549
2045,1541
2034,1526
2021,1508
2016,1488
2009,1462
2004,1440
2001,1419
2006,1399
2024,1383
2044,1370
2063,1364
2086,1357
2105,1354
2114,1353
2122,1352
2131,1353
ID=Elphidotarsius,
LM=47,
385,66
149,241
461,300
265,458
168,584
316,708
476,637
528,386
518,426
516,470
522,514
530,556
528,606
520,644
493,682
456,705
421,720
380,737
336,752
288,753
241,709
166,698
134,674
112,629
116,565
146,461
125,417
112,357
66,314
46,268
57,228
85,192
126,157
164,132
209,109
254,90
300,68
336,52
370,40
401,41
426,56
438,84
450,117
468,152
504,208
530,257
536,325
ID=Escavadodon,
LM=47,
10,61
48,110
56,57
73,85
106,114
128,64
109,35
60,19
71,20
82,21
91,20
103,19
114,20
123,26
128,33
133,43
136,53
136,62
137,74
135,85
134,98
129,112
121,122
108,128
96,126
84,123
71,122
58,123
46,127
36,128
28,122
20,116
15,108
11,98
8,87
7,77
5,68
5,59
8,52
11,43
16,38
22,31
27,27
33,22
38,20
44,18
50,17
ID=Eudaemonema,
LM=47,
819,97
943,280
806,309
908,357
935,416
863,466
802,403
770,357
765,385
762,416
767,445
783,465
803,476
822,489
843,495
875,496
901,486
920,474
949,468
969,454
985,436
989,414
989,402
985,386
981,368
977,352
977,338
983,316
997,294
1007,271
1008,246
1008,222
1002,202
993,181
967,158
944,144
909,125
876,102
848,80
827,73
803,78
772,106
777,160
784,210
761,232
747,276
749,315
ID=Ictidopappus,
LM=47,
281,206
348,317
344,137
410,279
501,317
538,188
510,108
398,106
422,104
447,101
469,94
495,93
516,97
528,107
535,129
539,153
544,179
546,216
549,248
552,289
543,314
526,336
504,348
470,352
452,353
435,354
418,357
398,361
376,365
344,365
313,357
288,347
273,332
270,311
270,285
267,256
266,227
265,204
265,185
270,167
278,145
288,134
303,132
321,125
343,117
356,115
370,113
ID=Ignacius,
LM=47,
281,182
352,102
379,204
389,110
441,83
489,116
489,145
411,204
435,198
454,190
481,177
500,158
507,140
511,117
509,99
501,80
485,65
473,53
465,46
457,38
448,34
439,34
430,35
423,38
417,43
400,54
385,58
370,47
351,34
331,27
312,25
293,26
279,32
264,46
253,71
251,92
251,116
251,144
252,162
261,184
265,198
283,207
302,212
331,214
371,225
390,227
401,222
ID=Jepsenella,
LM=47,
2269,1318
2130,1140
2101,1320
2028,1161
1902,1142
1841,1262
1933,1394
2042,1454
2014,1452
1972,1457
1924,1452
1882,1438
1840,1405
1820,1374
1809,1318
1802,1264
1800,1216
1800,1174
1800,1133
1809,1102
1834,1062
1856,1038
1900,1018
1940,1012
1981,1008
2022,1002
2054,1001
2077,1005
2109,992
2154,988
2213,992
2249,1005
2284,1052
2304,1096
2314,1145
2321,1216
2328,1273
2332,1341
2324,1390
2300,1434
2256,1468
2196,1485
2145,1482
2121,1474
2098,1466
2081,1460
2061,1454
ID=Mioclaenus,
LM=47,
1355,136
1100,279
1367,347
1114,395
1019,585
1199,682
1373,573
1413,383
1407,425
1409,463
1418,506
1420,554
1420,598
1402,632
1369,663
1326,678
1283,689
1229,707
1166,708
1110,697
1048,683
997,654
967,616
951,574
950,514
956,456
966,398
966,349
962,311
968,265
980,222
1002,178
1030,145
1068,125
1106,116
1148,106
1183,97
1224,95
1270,91
1303,91
1337,98
1369,108
1413,133
1425,168
1430,230
1429,288
1424,332
ID=Palaechthon,
LM=47,
317,145
389,237
417,117
454,234
565,275
631,172
593,95
465,75
493,75
525,72
559,61
585,56
611,61
635,76
646,105
650,156
650,195
656,224
664,251
664,283
651,309
624,315
587,311
553,306
517,309
472,315
431,310
406,287
377,285
350,283
331,267
319,242
313,213
309,184
304,169
301,150
302,131
312,120
329,108
347,99
362,92
381,85
395,81
406,77
415,74
427,71
439,70
ID=Palenochtha,
LM=47,
417,547
223,613
434,623
252,766
189,910
321,1006
449,956
512,727
508,767
501,810
496,851
497,896
499,941
499,983
476,1017
443,1034
406,1046
356,1044
308,1041
247,1041
197,1027
165,1015
130,987
110,927
105,859
100,797
103,732
112,692
129,636
136,603
151,572
170,547
199,533
226,523
271,515
306,514
343,511
380,511
415,516
445,533
465,553
479,569
490,592
497,613
503,632
508,652
512,680
ID=Paromomys,
LM=47,
843,937
886,958
911,912
950,994
1041,1010
1064,967
1040,890
953,891
974,890
991,884
1009,883
1022,884
1042,877
1056,874
1078,885
1090,908
1100,937
1103,967
1103,996
1099,1014
1085,1027
1059,1041
1036,1047
1011,1044
985,1042
966,1044
952,1038
936,1042
915,1037
895,1026
875,1014
859,1006
845,996
835,986
828,975
823,966
825,955
827,940
837,931
845,925
858,918
872,914
883,912
889,913
897,906
912,900
933,898
ID=Picrodus,
LM=47,
191,353
304,410
169,421
292,483
332,582
227,637
141,577
115,478
120,508
113,544
110,580
120,615
132,636
157,642
182,643
206,645
229,650
252,641
280,629
318,620
342,615
359,607
366,588
362,564
355,539
346,518
331,492
336,469
361,453
371,432
374,405
362,387
345,370
321,350
304,341
280,329
263,329
237,322
213,321
187,327
159,344
141,364
133,378
124,400
119,419
115,436
115,451
ID=Torrejonia,
LM=47,
774,133
683,266
681,111
601,255
493,304
398,204
446,98
623,39
591,47
552,47
521,47
488,46
463,45
432,51
411,57
393,72
387,93
387,119
383,149
375,176
374,219
382,254
403,278
435,311
474,341
524,348
571,348
613,349
653,349
691,343
723,333
754,316
777,299
796,274
802,241
805,210
805,181
805,151
799,123
783,97
763,77
748,65
730,57
715,50
700,45
683,41
659,37
ID=Premnoides,
LM=47,
102,179
112,214
123,172
139,209
163,227
183,190
176,160
135,153
143,154
150,155
157,154
163,151
170,150
177,153
183,157
186,164
187,178
187,188
186,199
186,209
189,220
189,230
187,239
181,247
174,251
163,250
153,245
141,246
132,247
122,244
113,237
107,230
101,224
97,215
97,206
97,195
95,188
95,181
97,176
101,169
105,165
109,162
112,159
117,157
121,155
124,155
129,153
ID=Pronothodectes,
LM=47,
2334,1333
2254,1789
2182,1355
2042,1631
1822,1835
1614,1593
1688,1383
1986,1217
1930,1247
1854,1243
1792,1243
1726,1243
1662,1259
1614,1275
1558,1319
1532,1369
1520,1429
1524,1505
1528,1577
1528,1653
1562,1741
1610,1821
1668,1899
1754,1959
1852,1971
1942,1955
2040,1929
2100,1937
2168,1955
2226,1955
2290,1953
2362,1903
2424,1835
2452,1775
2476,1707
2478,1625
2478,1533
2474,1449
2454,1385
2422,1315
2352,1243
2312,1213
2274,1197
2226,1179
2160,1173
2102,1181
2042,1197
ID=Tetraclaenodon,
LM=47,
38,231
162,397
160,167
264,316
342,376
436,293
396,207
248,170
275,174
307,179
338,179
367,178
400,182
422,195
431,220
454,255
459,282
450,312
429,343
411,363
395,396
376,430
353,447
318,441
291,425
272,402
246,377
217,393
194,411
162,421
136,418
111,400
92,376
69,348
49,314
39,287
30,254
25,232
26,216
41,210
85,194
119,167
148,152
169,148
186,150
204,157
218,161
ID=Astigale,
LM=47,
64,237
188,95
214,265
290,166
404,95
456,180
410,284
236,309
264,305
298,308
333,316
359,323
392,325
426,311
448,289
463,261
480,232
486,196
480,158
469,127
452,91
436,61
410,52
387,63
349,85
316,91
284,83
260,69
231,51
207,40
182,43
164,57
144,71
120,93
98,112
84,127
72,146
65,169
58,191
44,215
32,239
42,255
58,266
78,271
110,293
146,309
196,318
ID=Carnilestes,
LM=47,
1966,926
2080,1134
2050,909
2174,1004
2328,1106
2370,954
2326,862
2153,826
2201,836
2236,836
2274,834
2317,837
2344,849
2368,882
2389,929
2398,970
2397,1021
2394,1066
2394,1113
2382,1145
2366,1169
2337,1176
2298,1174
2278,1164
2253,1157
2225,1164
2209,1173
2174,1192
2136,1202
2097,1202
2072,1185
2042,1166
2020,1141
2000,1108
1982,1084
1968,1058
1957,1032
1945,1000
1936,969
1930,944
1924,914
1930,884
1966,865
1994,850
2022,841
2057,829
2104,818
ID=Dysnoetodon,
LM=47,
127,64
265,151
130,190
212,238
249,296
174,350
104,306
81,214
79,238
79,268
79,294
91,316
106,333
118,354
132,372
153,378
179,376
195,365
213,356
231,346
249,336
263,324
269,308
268,290
265,273
257,255
250,232
253,209
273,198
297,182
311,169
321,150
317,125
303,101
285,80
265,60
248,46
226,33
200,24
179,24
141,28
113,40
97,60
85,94
85,126
86,155
84,180
ID=Prosarcodon,
LM=47,
126,957
155,1057
172,965
215,995
261,1017
291,953
254,930
175,892
194,899
214,891
236,887
256,892
274,900
293,908
302,918
312,936
319,954
320,973
314,989
301,1012
286,1041
273,1070
259,1087
246,1098
229,1103
212,1098
196,1093
176,1084
160,1092
141,1096
124,1092
107,1086
90,1076
76,1067
74,1050
74,1030
80,1010
85,995
91,979
84,961
76,942
79,919
88,904
105,888
126,883
137,883
152,884
ID=Linnania,
LM=47,
458,212
509,506
640,256
617,374
709,440
774,360
782,313
701,265
721,269
744,277
764,284
793,297
808,310
813,325
810,354
798,376
772,384
740,426
738,454
725,482
689,501
661,509
632,508
604,501
593,497
577,490
564,490
544,496
537,525
521,552
497,569
464,545
445,505
433,450
418,392
410,346
404,297
400,242
410,209
430,181
466,169
497,170
569,190
637,209
674,220
692,233
700,250
ID=Bemalambda,
LM=47,
37,234
76,67
99,231
160,130
210,106
266,202
228,268
117,303
143,299
167,298
190,297
213,291
231,289
256,275
271,253
278,233
287,200
289,166
293,130
290,99
285,70
262,57
246,52
235,48
217,49
195,50
171,41
142,30
122,28
97,28
77,36
62,51
45,71
39,89
33,112
33,134
33,158
34,176
30,194
27,212
18,232
18,252
23,269
33,281
50,286
69,295
86,300
ID=Palasiodon,
LM=47,
234,193
290,140
306,236
354,178
417,147
458,221
440,249
337,257
361,257
388,260
409,269
436,272
456,267
471,252
478,234
480,207
491,185
501,167
501,146
495,127
486,119
477,111
448,104
424,104
402,108
380,107
362,102
340,94
317,86
308,85
300,85
286,88
273,96
261,105
248,119
238,132
229,149
223,166
216,186
215,204
212,224
217,240
227,251
241,256
266,265
288,270
313,265
ID=Yuodon,
LM=47,
203,94
305,169
172,217
249,266
320,357
221,427
127,402
62,273
68,301
59,333
50,362
46,398
52,426
67,453
99,477
137,486
189,490
245,491
289,489
348,475
377,460
409,438
431,416
437,393
437,376
435,346
427,300
431,264
437,223
436,184
428,146
411,118
388,89
356,68
315,45
274,32
230,28
195,29
154,36
127,46
100,69
77,96
57,132
50,157
46,187
45,209
49,235
ID=Escribania,
LM=47,
2588,1540
2286,1530
2288,1700
2058,1550
1926,1524
1780,1574
1868,1644
2180,1742
2106,1746
2046,1732
1978,1716
1914,1708
1848,1698
1796,1688
1748,1674
1720,1642
1724,1594
1730,1530
1742,1472
1756,1420
1796,1384
1830,1350
1892,1346
1956,1352
2012,1368
2074,1380
2130,1386
2192,1384
2250,1370
2304,1348
2380,1350
2438,1368
2494,1404
2538,1434
2584,1476
2614,1514
2624,1534
2608,1582
2578,1640
2546,1680
2504,1706
2466,1724
2418,1738
2370,1742
2328,1756
2282,1756
2228,1752
ID=Dissacus,
LM=47,
44,104
103,250
129,86
202,182
286,270
326,158
286,102
176,65
204,74
236,72
262,67
296,69
322,80
344,100
356,129
367,158
367,193
362,225
362,253
360,288
355,313
344,330
324,340
293,336
263,322
238,314
210,295
184,312
155,324
124,333
104,328
81,308
66,286
57,266
50,246
44,223
36,188
36,164
32,134
32,111
39,92
56,77
76,66
100,56
123,56
138,59
147,59
ID=Benaius,
LM=47,
218,177
240,99
278,186
299,106
361,79
386,131
374,192
328,231
345,231
368,233
384,229
406,214
419,190
427,157
433,115
430,82
419,53
406,36
389,29
371,27
357,27
344,30
335,32
325,35
317,37
311,38
307,38
302,38
292,33
277,32
259,32
241,37
225,47
209,64
196,84
188,103
185,129
184,154
181,183
179,209
182,228
201,245
218,249
245,252
273,251
293,246
311,239
ID=Eosigale,
LM=47,
923,279
740,613
664,212
544,433
299,663
144,411
247,217
491,167
429,172
353,167
287,156
229,148
159,161
111,197
81,255
69,316
69,395
72,464
87,551
115,689
139,759
180,815
236,844
313,844
381,812
417,804
545,809
567,815
616,827
683,820
733,807
780,763
824,713
852,660
888,583
915,508
936,416
948,331
951,275
936,245
884,211
848,192
772,152
715,128
628,128
580,137
535,151
ID=Ursolestes,
LM=47,
498,259
623,385
652,207
756,312
861,411
920,273
861,161
705,95
771,95
829,97
881,113
917,143
940,165
957,201
969,248
977,292
971,345
968,384
951,427
916,457
887,469
856,471
825,467
807,461
791,459
773,463
752,475
735,485
705,493
661,500
617,496
589,484
556,448
523,411
501,376
477,329
464,287
463,247
465,208
492,165
519,136
544,113
580,99
607,99
632,99
659,99
681,96
ID=Paleoungulatum,